
     Program BANDS v.7.5 starts on 22Sep2026 at 14:38:51 

     This program is part of the open-source Quantum ESPRESSO suite
     for quantum simulation of materials; please cite
         "P. Giannozzi et al., J. Phys.:Condens. Matter 21 395502 (2009);
         "P. Giannozzi et al., J. Phys.:Condens. Matter 29 465901 (2017);
         "P. Giannozzi et al., J. Chem. Phys. 152 154105 (2020);
          URL http://www.quantum-espresso.org", 
     in publications or presentations arising from this work. More details at
     http://www.quantum-espresso.org/quote

     Parallel version (MPI), running on     1 processors

     MPI processes distributed on     1 nodes
     6547 MiB available memory on the printing compute node when the environment starts


     Reading xml data from directory:

     ./tmp/ti2cf2.save/
     file Ti.pbe-spn-kjpaw_psl.1.0.0.UPF: wavefunction(s)  3S 3P 3D renormalized
     file C.pbe-n-kjpaw_psl.1.0.0.UPF: wavefunction(s)  2S 2P renormalized
     file F.pbe-n-kjpaw_psl.1.0.0.UPF: wavefunction(s)  2S 2P renormalized

     IMPORTANT: XC functional enforced from input :
     Exchange-correlation= PBE
                           (   1   4   3   4   0   0   0)
     Any further DFT definition will be discarded
     Please, verify this is what you really want


     G-vector sticks info
     --------------------
     sticks:   dense  smooth     PW     G-vecs:    dense   smooth      PW
     Sum         745     367    121               114499    40467    7065

     Using Slab Decomposition


     Check: negative core charge=   -0.000005

     negative rho (up, down):  2.485E-03 0.000E+00
     Reading collected, re-writing distributed wavefunctions
     high-symmetry point:  0.0000 0.0000 0.0000   x coordinate   0.0000
     high-symmetry point: -0.3333 0.5773 0.0000   x coordinate   0.6667
     high-symmetry point:  0.3333 0.5773 0.0000   x coordinate   1.3333
     high-symmetry point:  0.0000 0.0000 0.0000   x coordinate   2.0000

     Plottable bands (eV) written to file ti2cf2.bands.gnu
     Bands written to file ti2cf2.bands

 **************************************************************************

                    xk=(   0.00000,   0.00000,   0.00000  )

     point group C_1 (1)    
     there are  1 classes
     the character table:

       E    
A      1.00

     the symmetry operations in each class and the name of the first element:

     E        1
                                                                 

     Band symmetry, C_1 (1)     point group:

     e(  1 -  1) =    -57.17870  eV     1   --> A              
     e(  2 -  2) =    -57.10920  eV     1   --> A              
     e(  3 -  3) =    -33.72763  eV     1   --> A              
     e(  4 -  4) =    -33.36043  eV     1   --> A              
     e(  5 -  6) =    -33.23498  eV     2   -->   2 A              
     e(  7 -  8) =    -33.18725  eV     2   -->   2 A              
     e(  9 -  9) =    -24.68834  eV     1   --> A              
     e( 10 - 10) =    -24.66486  eV     1   --> A              
     e( 11 - 11) =    -11.33993  eV     1   --> A              
     e( 12 - 12) =     -7.11144  eV     1   --> A              
     e( 13 - 13) =     -6.05380  eV     1   --> A              
     e( 14 - 15) =     -6.01636  eV     2   -->   2 A              
     e( 16 - 17) =     -5.87952  eV     2   -->   2 A              
     e( 18 - 18) =     -3.30490  eV     1   --> A              
     e( 19 - 20) =     -2.05613  eV     2   -->   2 A              
     e( 21 - 22) =      0.49228  eV     2   -->   2 A              
     e( 23 - 23) =      0.70397  eV     1   --> A              
     e( 24 - 25) =      2.08982  eV     2   -->   2 A              

 **************************************************************************

 **************************************************************************

                    xk=(  -0.01667,   0.02887,   0.00000  )

     Band symmetry, C_1 (1)     point group:

     e(  1 -  1) =    -57.17815  eV     1   --> A              
     e(  2 -  2) =    -57.10889  eV     1   --> A              
     e(  3 -  3) =    -33.72621  eV     1   --> A              
     e(  4 -  4) =    -33.36172  eV     1   --> A              
     e(  5 -  5) =    -33.23719  eV     1   --> A              
     e(  6 -  6) =    -33.23617  eV     1   --> A              
     e(  7 -  7) =    -33.19072  eV     1   --> A              
     e(  8 -  8) =    -33.18759  eV     1   --> A              
     e(  9 -  9) =    -24.68651  eV     1   --> A              
     e( 10 - 10) =    -24.66338  eV     1   --> A              
     e( 11 - 11) =    -11.33107  eV     1   --> A              
     e( 12 - 12) =     -7.10111  eV     1   --> A              
     e( 13 - 13) =     -6.12262  eV     1   --> A              
     e( 14 - 14) =     -6.01596  eV     1   --> A              
     e( 15 - 15) =     -5.95412  eV     1   --> A              
     e( 16 - 16) =     -5.89616  eV     1   --> A              
     e( 17 - 17) =     -5.88106  eV     1   --> A              
     e( 18 - 18) =     -3.29789  eV     1   --> A              
     e( 19 - 19) =     -2.08980  eV     1   --> A              
     e( 20 - 20) =     -2.06377  eV     1   --> A              
     e( 21 - 21) =      0.47976  eV     1   --> A              
     e( 22 - 22) =      0.50577  eV     1   --> A              
     e( 23 - 23) =      0.71223  eV     1   --> A              
     e( 24 - 24) =      2.07788  eV     1   --> A              
     e( 25 - 25) =      2.08599  eV     1   --> A              

 **************************************************************************

 **************************************************************************

                    xk=(  -0.03333,   0.05773,   0.00000  )

     Band symmetry, C_1 (1)     point group:

     e(  1 -  1) =    -57.17650  eV     1   --> A              
     e(  2 -  2) =    -57.10799  eV     1   --> A              
     e(  3 -  3) =    -33.72200  eV     1   --> A              
     e(  4 -  4) =    -33.36588  eV     1   --> A              
     e(  5 -  5) =    -33.24323  eV     1   --> A              
     e(  6 -  6) =    -33.24001  eV     1   --> A              
     e(  7 -  7) =    -33.20066  eV     1   --> A              
     e(  8 -  8) =    -33.18879  eV     1   --> A              
     e(  9 -  9) =    -24.68111  eV     1   --> A              
     e( 10 - 10) =    -24.65904  eV     1   --> A              
     e( 11 - 11) =    -11.30479  eV     1   --> A              
     e( 12 - 12) =     -7.07051  eV     1   --> A              
     e( 13 - 13) =     -6.20924  eV     1   --> A              
     e( 14 - 14) =     -6.01612  eV     1   --> A              
     e( 15 - 15) =     -5.94160  eV     1   --> A              
     e( 16 - 16) =     -5.88904  eV     1   --> A              
     e( 17 - 17) =     -5.88399  eV     1   --> A              
     e( 18 - 18) =     -3.27911  eV     1   --> A              
     e( 19 - 19) =     -2.18428  eV     1   --> A              
     e( 20 - 20) =     -2.08578  eV     1   --> A              
     e( 21 - 21) =      0.44567  eV     1   --> A              
     e( 22 - 22) =      0.53242  eV     1   --> A              
     e( 23 - 23) =      0.74719  eV     1   --> A              
     e( 24 - 24) =      2.05434  eV     1   --> A              
     e( 25 - 25) =      2.07410  eV     1   --> A              

 **************************************************************************

 **************************************************************************

                    xk=(  -0.05000,   0.08660,   0.00000  )

     Band symmetry, C_1 (1)     point group:

     e(  1 -  1) =    -57.17381  eV     1   --> A              
     e(  2 -  2) =    -57.10653  eV     1   --> A              
     e(  3 -  3) =    -33.71517  eV     1   --> A              
     e(  4 -  4) =    -33.37367  eV     1   --> A              
     e(  5 -  5) =    -33.25162  eV     1   --> A              
     e(  6 -  6) =    -33.24780  eV     1   --> A              
     e(  7 -  7) =    -33.21527  eV     1   --> A              
     e(  8 -  8) =    -33.19126  eV     1   --> A              
     e(  9 -  9) =    -24.67240  eV     1   --> A              
     e( 10 - 10) =    -24.65199  eV     1   --> A              
     e( 11 - 11) =    -11.26166  eV     1   --> A              
     e( 12 - 12) =     -7.02125  eV     1   --> A              
     e( 13 - 13) =     -6.29399  eV     1   --> A              
     e( 14 - 14) =     -6.03533  eV     1   --> A              
     e( 15 - 15) =     -5.99403  eV     1   --> A              
     e( 16 - 16) =     -5.89419  eV     1   --> A              
     e( 17 - 17) =     -5.83654  eV     1   --> A              
     e( 18 - 18) =     -3.25229  eV     1   --> A              
     e( 19 - 19) =     -2.32570  eV     1   --> A              
     e( 20 - 20) =     -2.12424  eV     1   --> A              
     e( 21 - 21) =      0.39755  eV     1   --> A              
     e( 22 - 22) =      0.54094  eV     1   --> A              
     e( 23 - 23) =      0.83029  eV     1   --> A              
     e( 24 - 24) =      2.03063  eV     1   --> A              
     e( 25 - 25) =      2.05596  eV     1   --> A              

 **************************************************************************

 **************************************************************************

                    xk=(  -0.06667,   0.11547,   0.00000  )

     Band symmetry, C_1 (1)     point group:

     e(  1 -  1) =    -57.17012  eV     1   --> A              
     e(  2 -  2) =    -57.10456  eV     1   --> A              
     e(  3 -  3) =    -33.70591  eV     1   --> A              
     e(  4 -  4) =    -33.38600  eV     1   --> A              
     e(  5 -  5) =    -33.26275  eV     1   --> A              
     e(  6 -  6) =    -33.26046  eV     1   --> A              
     e(  7 -  7) =    -33.23043  eV     1   --> A              
     e(  8 -  8) =    -33.19524  eV     1   --> A              
     e(  9 -  9) =    -24.66076  eV     1   --> A              
     e( 10 - 10) =    -24.64252  eV     1   --> A              
     e( 11 - 11) =    -11.20264  eV     1   --> A              
     e( 12 - 12) =     -6.95535  eV     1   --> A              
     e( 13 - 13) =     -6.37219  eV     1   --> A              
     e( 14 - 14) =     -6.11811  eV     1   --> A              
     e( 15 - 15) =     -6.00195  eV     1   --> A              
     e( 16 - 16) =     -5.90895  eV     1   --> A              
     e( 17 - 17) =     -5.80383  eV     1   --> A              
     e( 18 - 18) =     -3.22179  eV     1   --> A              
     e( 19 - 19) =     -2.49669  eV     1   --> A              
     e( 20 - 20) =     -2.17813  eV     1   --> A              
     e( 21 - 21) =      0.34720  eV     1   --> A              
     e( 22 - 22) =      0.52889  eV     1   --> A              
     e( 23 - 23) =      0.96227  eV     1   --> A              
     e( 24 - 24) =      2.02015  eV     1   --> A              
     e( 25 - 25) =      2.03910  eV     1   --> A              

 **************************************************************************

 **************************************************************************

                    xk=(  -0.08333,   0.14434,   0.00000  )

     Band symmetry, C_1 (1)     point group:

     e(  1 -  1) =    -57.16554  eV     1   --> A              
     e(  2 -  2) =    -57.10216  eV     1   --> A              
     e(  3 -  3) =    -33.69456  eV     1   --> A              
     e(  4 -  4) =    -33.40346  eV     1   --> A              
     e(  5 -  5) =    -33.28688  eV     1   --> A              
     e(  6 -  6) =    -33.26835  eV     1   --> A              
     e(  7 -  7) =    -33.24293  eV     1   --> A              
     e(  8 -  8) =    -33.20083  eV     1   --> A              
     e(  9 -  9) =    -24.64670  eV     1   --> A              
     e( 10 - 10) =    -24.63099  eV     1   --> A              
     e( 11 - 11) =    -11.12904  eV     1   --> A              
     e( 12 - 12) =     -6.87594  eV     1   --> A              
     e( 13 - 13) =     -6.44074  eV     1   --> A              
     e( 14 - 14) =     -6.22166  eV     1   --> A              
     e( 15 - 15) =     -6.00291  eV     1   --> A              
     e( 16 - 16) =     -5.93332  eV     1   --> A              
     e( 17 - 17) =     -5.79074  eV     1   --> A              
     e( 18 - 18) =     -3.19164  eV     1   --> A              
     e( 19 - 19) =     -2.68184  eV     1   --> A              
     e( 20 - 20) =     -2.24846  eV     1   --> A              
     e( 21 - 21) =      0.29996  eV     1   --> A              
     e( 22 - 22) =      0.50492  eV     1   --> A              
     e( 23 - 23) =      1.12618  eV     1   --> A              
     e( 24 - 24) =      2.02936  eV     1   --> A              
     e( 25 - 25) =      2.03051  eV     1   --> A              

 **************************************************************************

 **************************************************************************

                    xk=(  -0.10000,   0.17320,   0.00000  )

     Band symmetry, C_1 (1)     point group:

     e(  1 -  1) =    -57.16021  eV     1   --> A              
     e(  2 -  2) =    -57.09946  eV     1   --> A              
     e(  3 -  3) =    -33.68163  eV     1   --> A              
     e(  4 -  4) =    -33.42576  eV     1   --> A              
     e(  5 -  5) =    -33.31737  eV     1   --> A              
     e(  6 -  6) =    -33.27467  eV     1   --> A              
     e(  7 -  7) =    -33.25422  eV     1   --> A              
     e(  8 -  8) =    -33.20798  eV     1   --> A              
     e(  9 -  9) =    -24.63081  eV     1   --> A              
     e( 10 - 10) =    -24.61784  eV     1   --> A              
     e( 11 - 11) =    -11.04251  eV     1   --> A              
     e( 12 - 12) =     -6.78716  eV     1   --> A              
     e( 13 - 13) =     -6.49777  eV     1   --> A              
     e( 14 - 14) =     -6.33170  eV     1   --> A              
     e( 15 - 15) =     -6.00631  eV     1   --> A              
     e( 16 - 16) =     -5.97191  eV     1   --> A              
     e( 17 - 17) =     -5.79541  eV     1   --> A              
     e( 18 - 18) =     -3.16551  eV     1   --> A              
     e( 19 - 19) =     -2.87000  eV     1   --> A              
     e( 20 - 20) =     -2.33335  eV     1   --> A              
     e( 21 - 21) =      0.26123  eV     1   --> A              
     e( 22 - 22) =      0.47613  eV     1   --> A              
     e( 23 - 23) =      1.31009  eV     1   --> A              
     e( 24 - 24) =      2.03229  eV     1   --> A              
     e( 25 - 25) =      2.06443  eV     1   --> A              

 **************************************************************************

 **************************************************************************

                    xk=(  -0.11667,   0.20207,   0.00000  )

     Band symmetry, C_1 (1)     point group:

     e(  1 -  1) =    -57.15428  eV     1   --> A              
     e(  2 -  2) =    -57.09655  eV     1   --> A              
     e(  3 -  3) =    -33.66768  eV     1   --> A              
     e(  4 -  4) =    -33.45169  eV     1   --> A              
     e(  5 -  5) =    -33.35082  eV     1   --> A              
     e(  6 -  6) =    -33.27971  eV     1   --> A              
     e(  7 -  7) =    -33.26599  eV     1   --> A              
     e(  8 -  8) =    -33.21653  eV     1   --> A              
     e(  9 -  9) =    -24.61370  eV     1   --> A              
     e( 10 - 10) =    -24.60351  eV     1   --> A              
     e( 11 - 11) =    -10.94486  eV     1   --> A              
     e( 12 - 12) =     -6.69286  eV     1   --> A              
     e( 13 - 13) =     -6.54232  eV     1   --> A              
     e( 14 - 14) =     -6.44168  eV     1   --> A              
     e( 15 - 15) =     -6.02841  eV     1   --> A              
     e( 16 - 16) =     -6.01420  eV     1   --> A              
     e( 17 - 17) =     -5.81371  eV     1   --> A              
     e( 18 - 18) =     -3.14398  eV     1   --> A              
     e( 19 - 19) =     -3.05210  eV     1   --> A              
     e( 20 - 20) =     -2.43094  eV     1   --> A              
     e( 21 - 21) =      0.23612  eV     1   --> A              
     e( 22 - 22) =      0.44948  eV     1   --> A              
     e( 23 - 23) =      1.50275  eV     1   --> A              
     e( 24 - 24) =      2.04995  eV     1   --> A              
     e( 25 - 25) =      2.12392  eV     1   --> A              

 **************************************************************************

 **************************************************************************

                    xk=(  -0.13333,   0.23094,   0.00000  )

     Band symmetry, C_1 (1)     point group:

     e(  1 -  1) =    -57.14783  eV     1   --> A              
     e(  2 -  2) =    -57.09355  eV     1   --> A              
     e(  3 -  3) =    -33.65353  eV     1   --> A              
     e(  4 -  4) =    -33.47957  eV     1   --> A              
     e(  5 -  5) =    -33.38456  eV     1   --> A              
     e(  6 -  6) =    -33.28420  eV     1   --> A              
     e(  7 -  7) =    -33.27887  eV     1   --> A              
     e(  8 -  8) =    -33.22622  eV     1   --> A              
     e(  9 -  9) =    -24.59597  eV     1   --> A              
     e( 10 - 10) =    -24.58847  eV     1   --> A              
     e( 11 - 11) =    -10.83811  eV     1   --> A              
     e( 12 - 12) =     -6.59883  eV     1   --> A              
     e( 13 - 13) =     -6.57520  eV     1   --> A              
     e( 14 - 14) =     -6.54415  eV     1   --> A              
     e( 15 - 15) =     -6.10183  eV     1   --> A              
     e( 16 - 16) =     -6.02799  eV     1   --> A              
     e( 17 - 17) =     -5.84153  eV     1   --> A              
     e( 18 - 18) =     -3.22250  eV     1   --> A              
     e( 19 - 19) =     -3.12650  eV     1   --> A              
     e( 20 - 20) =     -2.53635  eV     1   --> A              
     e( 21 - 21) =      0.22956  eV     1   --> A              
     e( 22 - 22) =      0.42943  eV     1   --> A              
     e( 23 - 23) =      1.69598  eV     1   --> A              
     e( 24 - 24) =      2.09067  eV     1   --> A              
     e( 25 - 25) =      2.20796  eV     1   --> A              

 **************************************************************************

 **************************************************************************

                    xk=(  -0.15000,   0.25981,   0.00000  )

     Band symmetry, C_1 (1)     point group:

     e(  1 -  1) =    -57.14108  eV     1   --> A              
     e(  2 -  2) =    -57.09056  eV     1   --> A              
     e(  3 -  3) =    -33.64040  eV     1   --> A              
     e(  4 -  4) =    -33.50775  eV     1   --> A              
     e(  5 -  5) =    -33.41620  eV     1   --> A              
     e(  6 -  6) =    -33.29304  eV     1   --> A              
     e(  7 -  7) =    -33.28907  eV     1   --> A              
     e(  8 -  8) =    -33.23665  eV     1   --> A              
     e(  9 -  9) =    -24.57821  eV     1   --> A              
     e( 10 - 10) =    -24.57317  eV     1   --> A              
     e( 11 - 11) =    -10.72458  eV     1   --> A              
     e( 12 - 12) =     -6.64234  eV     1   --> A              
     e( 13 - 13) =     -6.60015  eV     1   --> A              
     e( 14 - 14) =     -6.50343  eV     1   --> A              
     e( 15 - 15) =     -6.18553  eV     1   --> A              
     e( 16 - 16) =     -6.04815  eV     1   --> A              
     e( 17 - 17) =     -5.87700  eV     1   --> A              
     e( 18 - 18) =     -3.37833  eV     1   --> A              
     e( 19 - 19) =     -3.11155  eV     1   --> A              
     e( 20 - 20) =     -2.64745  eV     1   --> A              
     e( 21 - 21) =      0.24239  eV     1   --> A              
     e( 22 - 22) =      0.41878  eV     1   --> A              
     e( 23 - 23) =      1.85890  eV     1   --> A              
     e( 24 - 24) =      2.17076  eV     1   --> A              
     e( 25 - 25) =      2.29817  eV     1   --> A              

 **************************************************************************

 **************************************************************************

                    xk=(  -0.16667,   0.28867,   0.00000  )

     Band symmetry, C_1 (1)     point group:

     e(  1 -  1) =    -57.13420  eV     1   --> A              
     e(  2 -  2) =    -57.08776  eV     1   --> A              
     e(  3 -  3) =    -33.62986  eV     1   --> A              
     e(  4 -  4) =    -33.53473  eV     1   --> A              
     e(  5 -  5) =    -33.44318  eV     1   --> A              
     e(  6 -  6) =    -33.30845  eV     1   --> A              
     e(  7 -  7) =    -33.29530  eV     1   --> A              
     e(  8 -  8) =    -33.24731  eV     1   --> A              
     e(  9 -  9) =    -24.56094  eV     1   --> A              
     e( 10 - 10) =    -24.55803  eV     1   --> A              
     e( 11 - 11) =    -10.60686  eV     1   --> A              
     e( 12 - 12) =     -6.72577  eV     1   --> A              
     e( 13 - 13) =     -6.62657  eV     1   --> A              
     e( 14 - 14) =     -6.41885  eV     1   --> A              
     e( 15 - 15) =     -6.26561  eV     1   --> A              
     e( 16 - 16) =     -6.07528  eV     1   --> A              
     e( 17 - 17) =     -5.92045  eV     1   --> A              
     e( 18 - 18) =     -3.51893  eV     1   --> A              
     e( 19 - 19) =     -3.09833  eV     1   --> A              
     e( 20 - 20) =     -2.76241  eV     1   --> A              
     e( 21 - 21) =      0.27461  eV     1   --> A              
     e( 22 - 22) =      0.41694  eV     1   --> A              
     e( 23 - 23) =      1.96185  eV     1   --> A              
     e( 24 - 24) =      2.29606  eV     1   --> A              
     e( 25 - 25) =      2.36676  eV     1   --> A              

 **************************************************************************

 **************************************************************************

                    xk=(  -0.18333,   0.31754,   0.00000  )

     Band symmetry, C_1 (1)     point group:

     e(  1 -  1) =    -57.12732  eV     1   --> A              
     e(  2 -  2) =    -57.08521  eV     1   --> A              
     e(  3 -  3) =    -33.62372  eV     1   --> A              
     e(  4 -  4) =    -33.55911  eV     1   --> A              
     e(  5 -  5) =    -33.46291  eV     1   --> A              
     e(  6 -  6) =    -33.32479  eV     1   --> A              
     e(  7 -  7) =    -33.30368  eV     1   --> A              
     e(  8 -  8) =    -33.25760  eV     1   --> A              
     e(  9 -  9) =    -24.54461  eV     1   --> A              
     e( 10 - 10) =    -24.54342  eV     1   --> A              
     e( 11 - 11) =    -10.48756  eV     1   --> A              
     e( 12 - 12) =     -6.79611  eV     1   --> A              
     e( 13 - 13) =     -6.66769  eV     1   --> A              
     e( 14 - 14) =     -6.34400  eV     1   --> A              
     e( 15 - 15) =     -6.32136  eV     1   --> A              
     e( 16 - 16) =     -6.10819  eV     1   --> A              
     e( 17 - 17) =     -5.97165  eV     1   --> A              
     e( 18 - 18) =     -3.64312  eV     1   --> A              
     e( 19 - 19) =     -3.08557  eV     1   --> A              
     e( 20 - 20) =     -2.87612  eV     1   --> A              
     e( 21 - 21) =      0.33028  eV     1   --> A              
     e( 22 - 22) =      0.42816  eV     1   --> A              
     e( 23 - 23) =      2.02265  eV     1   --> A              
     e( 24 - 24) =      2.38766  eV     1   --> A              
     e( 25 - 25) =      2.40795  eV     1   --> A              

 **************************************************************************

 **************************************************************************

                    xk=(  -0.20000,   0.34641,   0.00000  )

     Band symmetry, C_1 (1)     point group:

     e(  1 -  1) =    -57.12060  eV     1   --> A              
     e(  2 -  2) =    -57.08303  eV     1   --> A              
     e(  3 -  3) =    -33.62310  eV     1   --> A              
     e(  4 -  4) =    -33.57987  eV     1   --> A              
     e(  5 -  5) =    -33.47410  eV     1   --> A              
     e(  6 -  6) =    -33.34149  eV     1   --> A              
     e(  7 -  7) =    -33.31471  eV     1   --> A              
     e(  8 -  8) =    -33.26717  eV     1   --> A              
     e(  9 -  9) =    -24.52993  eV     1   --> A              
     e( 10 - 10) =    -24.52932  eV     1   --> A              
     e( 11 - 11) =    -10.36991  eV     1   --> A              
     e( 12 - 12) =     -6.85230  eV     1   --> A              
     e( 13 - 13) =     -6.73034  eV     1   --> A              
     e( 14 - 14) =     -6.34070  eV     1   --> A              
     e( 15 - 15) =     -6.28155  eV     1   --> A              
     e( 16 - 16) =     -6.14587  eV     1   --> A              
     e( 17 - 17) =     -6.03077  eV     1   --> A              
     e( 18 - 18) =     -3.75064  eV     1   --> A              
     e( 19 - 19) =     -3.08531  eV     1   --> A              
     e( 20 - 20) =     -2.97658  eV     1   --> A              
     e( 21 - 21) =      0.40595  eV     1   --> A              
     e( 22 - 22) =      0.45068  eV     1   --> A              
     e( 23 - 23) =      2.06522  eV     1   --> A              
     e( 24 - 24) =      2.42631  eV     1   --> A              
     e( 25 - 25) =      2.44175  eV     1   --> A              

 **************************************************************************

 **************************************************************************

                    xk=(  -0.21667,   0.37528,   0.00000  )

     Band symmetry, C_1 (1)     point group:

     e(  1 -  1) =    -57.11421  eV     1   --> A              
     e(  2 -  2) =    -57.08133  eV     1   --> A              
     e(  3 -  3) =    -33.62687  eV     1   --> A              
     e(  4 -  4) =    -33.59621  eV     1   --> A              
     e(  5 -  5) =    -33.47832  eV     1   --> A              
     e(  6 -  6) =    -33.35742  eV     1   --> A              
     e(  7 -  7) =    -33.32815  eV     1   --> A              
     e(  8 -  8) =    -33.27620  eV     1   --> A              
     e(  9 -  9) =    -24.51730  eV     1   --> A              
     e( 10 - 10) =    -24.51591  eV     1   --> A              
     e( 11 - 11) =    -10.25739  eV     1   --> A              
     e( 12 - 12) =     -6.89389  eV     1   --> A              
     e( 13 - 13) =     -6.80371  eV     1   --> A              
     e( 14 - 14) =     -6.32993  eV     1   --> A              
     e( 15 - 15) =     -6.23507  eV     1   --> A              
     e( 16 - 16) =     -6.18499  eV     1   --> A              
     e( 17 - 17) =     -6.09693  eV     1   --> A              
     e( 18 - 18) =     -3.84073  eV     1   --> A              
     e( 19 - 19) =     -3.15073  eV     1   --> A              
     e( 20 - 20) =     -3.01025  eV     1   --> A              
     e( 21 - 21) =      0.48530  eV     1   --> A              
     e( 22 - 22) =      0.50077  eV     1   --> A              
     e( 23 - 23) =      2.10098  eV     1   --> A              
     e( 24 - 24) =      2.42991  eV     1   --> A              
     e( 25 - 25) =      2.47117  eV     1   --> A              

 **************************************************************************

 **************************************************************************

                    xk=(  -0.23333,   0.40414,   0.00000  )

     Band symmetry, C_1 (1)     point group:

     e(  1 -  1) =    -57.10820  eV     1   --> A              
     e(  2 -  2) =    -57.08013  eV     1   --> A              
     e(  3 -  3) =    -33.63193  eV     1   --> A              
     e(  4 -  4) =    -33.60761  eV     1   --> A              
     e(  5 -  5) =    -33.48001  eV     1   --> A              
     e(  6 -  6) =    -33.37060  eV     1   --> A              
     e(  7 -  7) =    -33.34329  eV     1   --> A              
     e(  8 -  8) =    -33.28510  eV     1   --> A              
     e(  9 -  9) =    -24.50615  eV     1   --> A              
     e( 10 - 10) =    -24.50418  eV     1   --> A              
     e( 11 - 11) =    -10.15355  eV     1   --> A              
     e( 12 - 12) =     -6.92090  eV     1   --> A              
     e( 13 - 13) =     -6.87058  eV     1   --> A              
     e( 14 - 14) =     -6.30360  eV     1   --> A              
     e( 15 - 15) =     -6.24144  eV     1   --> A              
     e( 16 - 16) =     -6.18610  eV     1   --> A              
     e( 17 - 17) =     -6.16726  eV     1   --> A              
     e( 18 - 18) =     -3.91184  eV     1   --> A              
     e( 19 - 19) =     -3.25981  eV     1   --> A              
     e( 20 - 20) =     -2.99794  eV     1   --> A              
     e( 21 - 21) =      0.53223  eV     1   --> A              
     e( 22 - 22) =      0.61531  eV     1   --> A              
     e( 23 - 23) =      2.13565  eV     1   --> A              
     e( 24 - 24) =      2.43304  eV     1   --> A              
     e( 25 - 25) =      2.47422  eV     1   --> A              

 **************************************************************************

 **************************************************************************

                    xk=(  -0.25000,   0.43301,   0.00000  )

     Band symmetry, C_1 (1)     point group:

     e(  1 -  1) =    -57.10270  eV     1   --> A              
     e(  2 -  2) =    -57.07949  eV     1   --> A              
     e(  3 -  3) =    -33.63528  eV     1   --> A              
     e(  4 -  4) =    -33.61395  eV     1   --> A              
     e(  5 -  5) =    -33.48455  eV     1   --> A              
     e(  6 -  6) =    -33.37838  eV     1   --> A              
     e(  7 -  7) =    -33.35928  eV     1   --> A              
     e(  8 -  8) =    -33.29434  eV     1   --> A              
     e(  9 -  9) =    -24.49656  eV     1   --> A              
     e( 10 - 10) =    -24.49435  eV     1   --> A              
     e( 11 - 11) =    -10.06216  eV     1   --> A              
     e( 12 - 12) =     -6.93386  eV     1   --> A              
     e( 13 - 13) =     -6.91955  eV     1   --> A              
     e( 14 - 14) =     -6.28741  eV     1   --> A              
     e( 15 - 15) =     -6.28686  eV     1   --> A              
     e( 16 - 16) =     -6.22434  eV     1   --> A              
     e( 17 - 17) =     -6.16171  eV     1   --> A              
     e( 18 - 18) =     -3.96302  eV     1   --> A              
     e( 19 - 19) =     -3.37433  eV     1   --> A              
     e( 20 - 20) =     -2.97960  eV     1   --> A              
     e( 21 - 21) =      0.59006  eV     1   --> A              
     e( 22 - 22) =      0.74565  eV     1   --> A              
     e( 23 - 23) =      2.16343  eV     1   --> A              
     e( 24 - 24) =      2.43416  eV     1   --> A              
     e( 25 - 25) =      2.44183  eV     1   --> A              

 **************************************************************************

 **************************************************************************

                    xk=(  -0.26667,   0.46188,   0.00000  )

     Band symmetry, C_1 (1)     point group:

     e(  1 -  1) =    -57.09778  eV     1   --> A              
     e(  2 -  2) =    -57.07943  eV     1   --> A              
     e(  3 -  3) =    -33.63491  eV     1   --> A              
     e(  4 -  4) =    -33.61551  eV     1   --> A              
     e(  5 -  5) =    -33.49531  eV     1   --> A              
     e(  6 -  6) =    -33.37911  eV     1   --> A              
     e(  7 -  7) =    -33.37511  eV     1   --> A              
     e(  8 -  8) =    -33.30414  eV     1   --> A              
     e(  9 -  9) =    -24.48866  eV     1   --> A              
     e( 10 - 10) =    -24.48649  eV     1   --> A              
     e( 11 - 11) =     -9.98628  eV     1   --> A              
     e( 12 - 12) =     -6.94435  eV     1   --> A              
     e( 13 - 13) =     -6.93403  eV     1   --> A              
     e( 14 - 14) =     -6.33944  eV     1   --> A              
     e( 15 - 15) =     -6.33645  eV     1   --> A              
     e( 16 - 16) =     -6.21362  eV     1   --> A              
     e( 17 - 17) =     -6.14382  eV     1   --> A              
     e( 18 - 18) =     -3.99231  eV     1   --> A              
     e( 19 - 19) =     -3.48780  eV     1   --> A              
     e( 20 - 20) =     -2.96198  eV     1   --> A              
     e( 21 - 21) =      0.65900  eV     1   --> A              
     e( 22 - 22) =      0.89007  eV     1   --> A              
     e( 23 - 23) =      2.17147  eV     1   --> A              
     e( 24 - 24) =      2.38728  eV     1   --> A              
     e( 25 - 25) =      2.43698  eV     1   --> A              

 **************************************************************************

 **************************************************************************

                    xk=(  -0.28333,   0.49075,   0.00000  )

     Band symmetry, C_1 (1)     point group:

     e(  1 -  1) =    -57.09350  eV     1   --> A              
     e(  2 -  2) =    -57.07993  eV     1   --> A              
     e(  3 -  3) =    -33.62993  eV     1   --> A              
     e(  4 -  4) =    -33.61312  eV     1   --> A              
     e(  5 -  5) =    -33.51198  eV     1   --> A              
     e(  6 -  6) =    -33.38979  eV     1   --> A              
     e(  7 -  7) =    -33.37399  eV     1   --> A              
     e(  8 -  8) =    -33.31454  eV     1   --> A              
     e(  9 -  9) =    -24.48251  eV     1   --> A              
     e( 10 - 10) =    -24.48062  eV     1   --> A              
     e( 11 - 11) =     -9.92826  eV     1   --> A              
     e( 12 - 12) =     -6.94454  eV     1   --> A              
     e( 13 - 13) =     -6.92361  eV     1   --> A              
     e( 14 - 14) =     -6.41052  eV     1   --> A              
     e( 15 - 15) =     -6.38798  eV     1   --> A              
     e( 16 - 16) =     -6.18446  eV     1   --> A              
     e( 17 - 17) =     -6.13267  eV     1   --> A              
     e( 18 - 18) =     -3.99902  eV     1   --> A              
     e( 19 - 19) =     -3.59703  eV     1   --> A              
     e( 20 - 20) =     -2.94829  eV     1   --> A              
     e( 21 - 21) =      0.73609  eV     1   --> A              
     e( 22 - 22) =      1.04451  eV     1   --> A              
     e( 23 - 23) =      2.10476  eV     1   --> A              
     e( 24 - 24) =      2.35835  eV     1   --> A              
     e( 25 - 25) =      2.44240  eV     1   --> A              

 **************************************************************************

 **************************************************************************

                    xk=(  -0.30000,   0.51961,   0.00000  )

     Band symmetry, C_1 (1)     point group:

     e(  1 -  1) =    -57.08986  eV     1   --> A              
     e(  2 -  2) =    -57.08097  eV     1   --> A              
     e(  3 -  3) =    -33.62026  eV     1   --> A              
     e(  4 -  4) =    -33.60815  eV     1   --> A              
     e(  5 -  5) =    -33.53220  eV     1   --> A              
     e(  6 -  6) =    -33.40195  eV     1   --> A              
     e(  7 -  7) =    -33.36564  eV     1   --> A              
     e(  8 -  8) =    -33.32539  eV     1   --> A              
     e(  9 -  9) =    -24.47811  eV     1   --> A              
     e( 10 - 10) =    -24.47667  eV     1   --> A              
     e( 11 - 11) =     -9.88854  eV     1   --> A              
     e( 12 - 12) =     -6.92519  eV     1   --> A              
     e( 13 - 13) =     -6.90550  eV     1   --> A              
     e( 14 - 14) =     -6.47320  eV     1   --> A              
     e( 15 - 15) =     -6.43922  eV     1   --> A              
     e( 16 - 16) =     -6.15964  eV     1   --> A              
     e( 17 - 17) =     -6.12721  eV     1   --> A              
     e( 18 - 18) =     -3.98184  eV     1   --> A              
     e( 19 - 19) =     -3.69948  eV     1   --> A              
     e( 20 - 20) =     -2.93922  eV     1   --> A              
     e( 21 - 21) =      0.81922  eV     1   --> A              
     e( 22 - 22) =      1.20754  eV     1   --> A              
     e( 23 - 23) =      1.94264  eV     1   --> A              
     e( 24 - 24) =      2.38153  eV     1   --> A              
     e( 25 - 25) =      2.45274  eV     1   --> A              

 **************************************************************************

 **************************************************************************

                    xk=(  -0.31667,   0.54848,   0.00000  )

     Band symmetry, C_1 (1)     point group:

     e(  1 -  1) =    -57.08686  eV     1   --> A              
     e(  2 -  2) =    -57.08245  eV     1   --> A              
     e(  3 -  3) =    -33.60717  eV     1   --> A              
     e(  4 -  4) =    -33.60260  eV     1   --> A              
     e(  5 -  5) =    -33.55296  eV     1   --> A              
     e(  6 -  6) =    -33.41005  eV     1   --> A              
     e(  7 -  7) =    -33.35604  eV     1   --> A              
     e(  8 -  8) =    -33.33629  eV     1   --> A              
     e(  9 -  9) =    -24.47543  eV     1   --> A              
     e( 10 - 10) =    -24.47454  eV     1   --> A              
     e( 11 - 11) =     -9.86625  eV     1   --> A              
     e( 12 - 12) =     -6.89973  eV     1   --> A              
     e( 13 - 13) =     -6.88576  eV     1   --> A              
     e( 14 - 14) =     -6.51378  eV     1   --> A              
     e( 15 - 15) =     -6.48527  eV     1   --> A              
     e( 16 - 16) =     -6.14189  eV     1   --> A              
     e( 17 - 17) =     -6.12678  eV     1   --> A              
     e( 18 - 18) =     -3.94070  eV     1   --> A              
     e( 19 - 19) =     -3.79264  eV     1   --> A              
     e( 20 - 20) =     -2.93446  eV     1   --> A              
     e( 21 - 21) =      0.89709  eV     1   --> A              
     e( 22 - 22) =      1.37516  eV     1   --> A              
     e( 23 - 23) =      1.73779  eV     1   --> A              
     e( 24 - 24) =      2.42677  eV     1   --> A              
     e( 25 - 25) =      2.46908  eV     1   --> A              

 **************************************************************************

 **************************************************************************

                    xk=(  -0.33333,   0.57735,   0.00000  )

     Band symmetry, C_1 (1)     point group:

     e(  1 -  1) =    -57.08484  eV     1   --> A              
     e(  2 -  2) =    -57.08402  eV     1   --> A              
     e(  3 -  3) =    -33.59906  eV     1   --> A              
     e(  4 -  4) =    -33.59867  eV     1   --> A              
     e(  5 -  5) =    -33.56531  eV     1   --> A              
     e(  6 -  6) =    -33.41285  eV     1   --> A              
     e(  7 -  7) =    -33.34657  eV     1   --> A              
     e(  8 -  8) =    -33.34631  eV     1   --> A              
     e(  9 -  9) =    -24.47449  eV     1   --> A              
     e( 10 - 10) =    -24.47396  eV     1   --> A              
     e( 11 - 11) =     -9.85955  eV     1   --> A              
     e( 12 - 12) =     -6.88784  eV     1   --> A              
     e( 13 - 13) =     -6.87579  eV     1   --> A              
     e( 14 - 14) =     -6.51687  eV     1   --> A              
     e( 15 - 15) =     -6.51636  eV     1   --> A              
     e( 16 - 16) =     -6.13179  eV     1   --> A              
     e( 17 - 17) =     -6.13127  eV     1   --> A              
     e( 18 - 18) =     -3.87598  eV     1   --> A              
     e( 19 - 19) =     -3.87538  eV     1   --> A              
     e( 20 - 20) =     -2.93305  eV     1   --> A              
     e( 21 - 21) =      0.93638  eV     1   --> A              
     e( 22 - 22) =      1.54177  eV     1   --> A              
     e( 23 - 23) =      1.54199  eV     1   --> A              
     e( 24 - 24) =      2.47804  eV     1   --> A              
     e( 25 - 25) =      2.47821  eV     1   --> A              

 **************************************************************************

 **************************************************************************

                    xk=(  -0.30000,   0.57735,   0.00000  )

     Band symmetry, C_1 (1)     point group:

     e(  1 -  1) =    -57.08671  eV     1   --> A              
     e(  2 -  2) =    -57.08256  eV     1   --> A              
     e(  3 -  3) =    -33.61203  eV     1   --> A              
     e(  4 -  4) =    -33.59872  eV     1   --> A              
     e(  5 -  5) =    -33.55242  eV     1   --> A              
     e(  6 -  6) =    -33.41067  eV     1   --> A              
     e(  7 -  7) =    -33.35411  eV     1   --> A              
     e(  8 -  8) =    -33.33755  eV     1   --> A              
     e(  9 -  9) =    -24.47538  eV     1   --> A              
     e( 10 - 10) =    -24.47445  eV     1   --> A              
     e( 11 - 11) =     -9.86526  eV     1   --> A              
     e( 12 - 12) =     -6.89940  eV     1   --> A              
     e( 13 - 13) =     -6.88995  eV     1   --> A              
     e( 14 - 14) =     -6.51942  eV     1   --> A              
     e( 15 - 15) =     -6.47858  eV     1   --> A              
     e( 16 - 16) =     -6.14120  eV     1   --> A              
     e( 17 - 17) =     -6.12662  eV     1   --> A              
     e( 18 - 18) =     -3.94659  eV     1   --> A              
     e( 19 - 19) =     -3.78657  eV     1   --> A              
     e( 20 - 20) =     -2.93388  eV     1   --> A              
     e( 21 - 21) =      0.86413  eV     1   --> A              
     e( 22 - 22) =      1.44444  eV     1   --> A              
     e( 23 - 23) =      1.70214  eV     1   --> A              
     e( 24 - 24) =      2.41168  eV     1   --> A              
     e( 25 - 25) =      2.51692  eV     1   --> A              

 **************************************************************************

 **************************************************************************

                    xk=(  -0.26667,   0.57735,   0.00000  )

     Band symmetry, C_1 (1)     point group:

     e(  1 -  1) =    -57.08914  eV     1   --> A              
     e(  2 -  2) =    -57.08128  eV     1   --> A              
     e(  3 -  3) =    -33.63288  eV     1   --> A              
     e(  4 -  4) =    -33.60257  eV     1   --> A              
     e(  5 -  5) =    -33.52840  eV     1   --> A              
     e(  6 -  6) =    -33.40754  eV     1   --> A              
     e(  7 -  7) =    -33.35538  eV     1   --> A              
     e(  8 -  8) =    -33.32981  eV     1   --> A              
     e(  9 -  9) =    -24.47764  eV     1   --> A              
     e( 10 - 10) =    -24.47601  eV     1   --> A              
     e( 11 - 11) =     -9.88054  eV     1   --> A              
     e( 12 - 12) =     -6.93342  eV     1   --> A              
     e( 13 - 13) =     -6.92569  eV     1   --> A              
     e( 14 - 14) =     -6.48928  eV     1   --> A              
     e( 15 - 15) =     -6.41650  eV     1   --> A              
     e( 16 - 16) =     -6.15556  eV     1   --> A              
     e( 17 - 17) =     -6.12432  eV     1   --> A              
     e( 18 - 18) =     -4.00623  eV     1   --> A              
     e( 19 - 19) =     -3.67354  eV     1   --> A              
     e( 20 - 20) =     -2.93484  eV     1   --> A              
     e( 21 - 21) =      0.65236  eV     1   --> A              
     e( 22 - 22) =      1.48201  eV     1   --> A              
     e( 23 - 23) =      1.84673  eV     1   --> A              
     e( 24 - 24) =      2.36238  eV     1   --> A              
     e( 25 - 25) =      2.54545  eV     1   --> A              

 **************************************************************************

 **************************************************************************

                    xk=(  -0.23333,   0.57735,   0.00000  )

     Band symmetry, C_1 (1)     point group:

     e(  1 -  1) =    -57.09164  eV     1   --> A              
     e(  2 -  2) =    -57.08039  eV     1   --> A              
     e(  3 -  3) =    -33.65384  eV     1   --> A              
     e(  4 -  4) =    -33.60949  eV     1   --> A              
     e(  5 -  5) =    -33.50121  eV     1   --> A              
     e(  6 -  6) =    -33.40902  eV     1   --> A              
     e(  7 -  7) =    -33.34620  eV     1   --> A              
     e(  8 -  8) =    -33.32350  eV     1   --> A              
     e(  9 -  9) =    -24.48085  eV     1   --> A              
     e( 10 - 10) =    -24.47847  eV     1   --> A              
     e( 11 - 11) =     -9.90211  eV     1   --> A              
     e( 12 - 12) =     -6.99738  eV     1   --> A              
     e( 13 - 13) =     -6.95418  eV     1   --> A              
     e( 14 - 14) =     -6.43492  eV     1   --> A              
     e( 15 - 15) =     -6.35065  eV     1   --> A              
     e( 16 - 16) =     -6.17311  eV     1   --> A              
     e( 17 - 17) =     -6.12099  eV     1   --> A              
     e( 18 - 18) =     -4.05477  eV     1   --> A              
     e( 19 - 19) =     -3.53664  eV     1   --> A              
     e( 20 - 20) =     -2.93427  eV     1   --> A              
     e( 21 - 21) =      0.38272  eV     1   --> A              
     e( 22 - 22) =      1.58515  eV     1   --> A              
     e( 23 - 23) =      1.96191  eV     1   --> A              
     e( 24 - 24) =      2.34988  eV     1   --> A              
     e( 25 - 25) =      2.58287  eV     1   --> A              

 **************************************************************************

 **************************************************************************

                    xk=(  -0.20000,   0.57735,   0.00000  )

     Band symmetry, C_1 (1)     point group:

     e(  1 -  1) =    -57.09413  eV     1   --> A              
     e(  2 -  2) =    -57.07985  eV     1   --> A              
     e(  3 -  3) =    -33.67339  eV     1   --> A              
     e(  4 -  4) =    -33.61809  eV     1   --> A              
     e(  5 -  5) =    -33.47313  eV     1   --> A              
     e(  6 -  6) =    -33.41501  eV     1   --> A              
     e(  7 -  7) =    -33.32883  eV     1   --> A              
     e(  8 -  8) =    -33.31882  eV     1   --> A              
     e(  9 -  9) =    -24.48465  eV     1   --> A              
     e( 10 - 10) =    -24.48156  eV     1   --> A              
     e( 11 - 11) =     -9.92737  eV     1   --> A              
     e( 12 - 12) =     -7.07059  eV     1   --> A              
     e( 13 - 13) =     -6.97877  eV     1   --> A              
     e( 14 - 14) =     -6.36883  eV     1   --> A              
     e( 15 - 15) =     -6.29538  eV     1   --> A              
     e( 16 - 16) =     -6.19138  eV     1   --> A              
     e( 17 - 17) =     -6.11444  eV     1   --> A              
     e( 18 - 18) =     -4.09434  eV     1   --> A              
     e( 19 - 19) =     -3.37674  eV     1   --> A              
     e( 20 - 20) =     -2.93225  eV     1   --> A              
     e( 21 - 21) =      0.09274  eV     1   --> A              
     e( 22 - 22) =      1.71267  eV     1   --> A              
     e( 23 - 23) =      2.03059  eV     1   --> A              
     e( 24 - 24) =      2.38521  eV     1   --> A              
     e( 25 - 25) =      2.62537  eV     1   --> A              

 **************************************************************************

 **************************************************************************

                    xk=(  -0.16667,   0.57735,   0.00000  )

     Band symmetry, C_1 (1)     point group:

     e(  1 -  1) =    -57.09646  eV     1   --> A              
     e(  2 -  2) =    -57.07956  eV     1   --> A              
     e(  3 -  3) =    -33.69079  eV     1   --> A              
     e(  4 -  4) =    -33.62706  eV     1   --> A              
     e(  5 -  5) =    -33.44552  eV     1   --> A              
     e(  6 -  6) =    -33.42252  eV     1   --> A              
     e(  7 -  7) =    -33.31593  eV     1   --> A              
     e(  8 -  8) =    -33.30830  eV     1   --> A              
     e(  9 -  9) =    -24.48868  eV     1   --> A              
     e( 10 - 10) =    -24.48494  eV     1   --> A              
     e( 11 - 11) =     -9.95362  eV     1   --> A              
     e( 12 - 12) =     -7.14450  eV     1   --> A              
     e( 13 - 13) =     -6.99648  eV     1   --> A              
     e( 14 - 14) =     -6.30383  eV     1   --> A              
     e( 15 - 15) =     -6.25520  eV     1   --> A              
     e( 16 - 16) =     -6.20438  eV     1   --> A              
     e( 17 - 17) =     -6.10421  eV     1   --> A              
     e( 18 - 18) =     -4.12619  eV     1   --> A              
     e( 19 - 19) =     -3.19556  eV     1   --> A              
     e( 20 - 20) =     -2.92841  eV     1   --> A              
     e( 21 - 21) =     -0.19747  eV     1   --> A              
     e( 22 - 22) =      1.85308  eV     1   --> A              
     e( 23 - 23) =      2.05582  eV     1   --> A              
     e( 24 - 24) =      2.46272  eV     1   --> A              
     e( 25 - 25) =      2.67849  eV     1   --> A              

 **************************************************************************

 **************************************************************************

                    xk=(  -0.13333,   0.57735,   0.00000  )

     Band symmetry, C_1 (1)     point group:

     e(  1 -  1) =    -57.09853  eV     1   --> A              
     e(  2 -  2) =    -57.07947  eV     1   --> A              
     e(  3 -  3) =    -33.70564  eV     1   --> A              
     e(  4 -  4) =    -33.63547  eV     1   --> A              
     e(  5 -  5) =    -33.42980  eV     1   --> A              
     e(  6 -  6) =    -33.41954  eV     1   --> A              
     e(  7 -  7) =    -33.31500  eV     1   --> A              
     e(  8 -  8) =    -33.28809  eV     1   --> A              
     e(  9 -  9) =    -24.49260  eV     1   --> A              
     e( 10 - 10) =    -24.48828  eV     1   --> A              
     e( 11 - 11) =     -9.97882  eV     1   --> A              
     e( 12 - 12) =     -7.21346  eV     1   --> A              
     e( 13 - 13) =     -7.00784  eV     1   --> A              
     e( 14 - 14) =     -6.26720  eV     1   --> A              
     e( 15 - 15) =     -6.22788  eV     1   --> A              
     e( 16 - 16) =     -6.19015  eV     1   --> A              
     e( 17 - 17) =     -6.09519  eV     1   --> A              
     e( 18 - 18) =     -4.15208  eV     1   --> A              
     e( 19 - 19) =     -2.99912  eV     1   --> A              
     e( 20 - 20) =     -2.92352  eV     1   --> A              
     e( 21 - 21) =     -0.47989  eV     1   --> A              
     e( 22 - 22) =      1.99662  eV     1   --> A              
     e( 23 - 23) =      2.05779  eV     1   --> A              
     e( 24 - 24) =      2.55521  eV     1   --> A              
     e( 25 - 25) =      2.73318  eV     1   --> A              

 **************************************************************************

 **************************************************************************

                    xk=(  -0.10000,   0.57735,   0.00000  )

     Band symmetry, C_1 (1)     point group:

     e(  1 -  1) =    -57.10025  eV     1   --> A              
     e(  2 -  2) =    -57.07947  eV     1   --> A              
     e(  3 -  3) =    -33.71752  eV     1   --> A              
     e(  4 -  4) =    -33.64260  eV     1   --> A              
     e(  5 -  5) =    -33.43601  eV     1   --> A              
     e(  6 -  6) =    -33.39618  eV     1   --> A              
     e(  7 -  7) =    -33.31616  eV     1   --> A              
     e(  8 -  8) =    -33.27039  eV     1   --> A              
     e(  9 -  9) =    -24.49605  eV     1   --> A              
     e( 10 - 10) =    -24.49127  eV     1   --> A              
     e( 11 - 11) =    -10.00072  eV     1   --> A              
     e( 12 - 12) =     -7.27209  eV     1   --> A              
     e( 13 - 13) =     -7.01383  eV     1   --> A              
     e( 14 - 14) =     -6.26968  eV     1   --> A              
     e( 15 - 15) =     -6.20675  eV     1   --> A              
     e( 16 - 16) =     -6.14184  eV     1   --> A              
     e( 17 - 17) =     -6.09220  eV     1   --> A              
     e( 18 - 18) =     -4.17256  eV     1   --> A              
     e( 19 - 19) =     -2.91809  eV     1   --> A              
     e( 20 - 20) =     -2.79561  eV     1   --> A              
     e( 21 - 21) =     -0.74530  eV     1   --> A              
     e( 22 - 22) =      2.05324  eV     1   --> A              
     e( 23 - 23) =      2.14077  eV     1   --> A              
     e( 24 - 24) =      2.64680  eV     1   --> A              
     e( 25 - 25) =      2.73817  eV     1   --> A              

 **************************************************************************

 **************************************************************************

                    xk=(  -0.06667,   0.57735,   0.00000  )

     Band symmetry, C_1 (1)     point group:

     e(  1 -  1) =    -57.10155  eV     1   --> A              
     e(  2 -  2) =    -57.07953  eV     1   --> A              
     e(  3 -  3) =    -33.72622  eV     1   --> A              
     e(  4 -  4) =    -33.64799  eV     1   --> A              
     e(  5 -  5) =    -33.44070  eV     1   --> A              
     e(  6 -  6) =    -33.37638  eV     1   --> A              
     e(  7 -  7) =    -33.31944  eV     1   --> A              
     e(  8 -  8) =    -33.25673  eV     1   --> A              
     e(  9 -  9) =    -24.49875  eV     1   --> A              
     e( 10 - 10) =    -24.49363  eV     1   --> A              
     e( 11 - 11) =    -10.01772  eV     1   --> A              
     e( 12 - 12) =     -7.31690  eV     1   --> A              
     e( 13 - 13) =     -7.01630  eV     1   --> A              
     e( 14 - 14) =     -6.27915  eV     1   --> A              
     e( 15 - 15) =     -6.18725  eV     1   --> A              
     e( 16 - 16) =     -6.09779  eV     1   --> A              
     e( 17 - 17) =     -6.09647  eV     1   --> A              
     e( 18 - 18) =     -4.18794  eV     1   --> A              
     e( 19 - 19) =     -2.91365  eV     1   --> A              
     e( 20 - 20) =     -2.60188  eV     1   --> A              
     e( 21 - 21) =     -0.98178  eV     1   --> A              
     e( 22 - 22) =      2.04423  eV     1   --> A              
     e( 23 - 23) =      2.27139  eV     1   --> A              
     e( 24 - 24) =      2.72199  eV     1   --> A              
     e( 25 - 25) =      2.72309  eV     1   --> A              

 **************************************************************************

 **************************************************************************

                    xk=(  -0.03333,   0.57735,   0.00000  )

     Band symmetry, C_1 (1)     point group:

     e(  1 -  1) =    -57.10234  eV     1   --> A              
     e(  2 -  2) =    -57.07957  eV     1   --> A              
     e(  3 -  3) =    -33.73150  eV     1   --> A              
     e(  4 -  4) =    -33.65134  eV     1   --> A              
     e(  5 -  5) =    -33.44360  eV     1   --> A              
     e(  6 -  6) =    -33.36146  eV     1   --> A              
     e(  7 -  7) =    -33.32414  eV     1   --> A              
     e(  8 -  8) =    -33.24811  eV     1   --> A              
     e(  9 -  9) =    -24.50046  eV     1   --> A              
     e( 10 - 10) =    -24.49513  eV     1   --> A              
     e( 11 - 11) =    -10.02846  eV     1   --> A              
     e( 12 - 12) =     -7.34482  eV     1   --> A              
     e( 13 - 13) =     -7.01688  eV     1   --> A              
     e( 14 - 14) =     -6.28598  eV     1   --> A              
     e( 15 - 15) =     -6.16905  eV     1   --> A              
     e( 16 - 16) =     -6.10871  eV     1   --> A              
     e( 17 - 17) =     -6.06600  eV     1   --> A              
     e( 18 - 18) =     -4.19747  eV     1   --> A              
     e( 19 - 19) =     -2.91022  eV     1   --> A              
     e( 20 - 20) =     -2.44761  eV     1   --> A              
     e( 21 - 21) =     -1.15896  eV     1   --> A              
     e( 22 - 22) =      2.03818  eV     1   --> A              
     e( 23 - 23) =      2.37703  eV     1   --> A              
     e( 24 - 24) =      2.69490  eV     1   --> A              
     e( 25 - 25) =      2.77419  eV     1   --> A              

 **************************************************************************

 **************************************************************************

                    xk=(   0.00000,   0.57735,   0.00000  )

     Band symmetry, C_1 (1)     point group:

     e(  1 -  1) =    -57.10261  eV     1   --> A              
     e(  2 -  2) =    -57.07958  eV     1   --> A              
     e(  3 -  3) =    -33.73328  eV     1   --> A              
     e(  4 -  4) =    -33.65247  eV     1   --> A              
     e(  5 -  5) =    -33.44458  eV     1   --> A              
     e(  6 -  6) =    -33.35507  eV     1   --> A              
     e(  7 -  7) =    -33.32705  eV     1   --> A              
     e(  8 -  8) =    -33.24518  eV     1   --> A              
     e(  9 -  9) =    -24.50105  eV     1   --> A              
     e( 10 - 10) =    -24.49564  eV     1   --> A              
     e( 11 - 11) =    -10.03210  eV     1   --> A              
     e( 12 - 12) =     -7.35439  eV     1   --> A              
     e( 13 - 13) =     -7.01696  eV     1   --> A              
     e( 14 - 14) =     -6.28843  eV     1   --> A              
     e( 15 - 15) =     -6.15958  eV     1   --> A              
     e( 16 - 16) =     -6.11582  eV     1   --> A              
     e( 17 - 17) =     -6.05525  eV     1   --> A              
     e( 18 - 18) =     -4.20065  eV     1   --> A              
     e( 19 - 19) =     -2.90911  eV     1   --> A              
     e( 20 - 20) =     -2.38499  eV     1   --> A              
     e( 21 - 21) =     -1.22846  eV     1   --> A              
     e( 22 - 22) =      2.03623  eV     1   --> A              
     e( 23 - 23) =      2.42149  eV     1   --> A              
     e( 24 - 24) =      2.67745  eV     1   --> A              
     e( 25 - 25) =      2.79486  eV     1   --> A              

 **************************************************************************

 **************************************************************************

                    xk=(   0.03333,   0.57735,   0.00000  )

     Band symmetry, C_1 (1)     point group:

     e(  1 -  1) =    -57.10234  eV     1   --> A              
     e(  2 -  2) =    -57.07957  eV     1   --> A              
     e(  3 -  3) =    -33.73150  eV     1   --> A              
     e(  4 -  4) =    -33.65134  eV     1   --> A              
     e(  5 -  5) =    -33.44360  eV     1   --> A              
     e(  6 -  6) =    -33.36146  eV     1   --> A              
     e(  7 -  7) =    -33.32414  eV     1   --> A              
     e(  8 -  8) =    -33.24811  eV     1   --> A              
     e(  9 -  9) =    -24.50046  eV     1   --> A              
     e( 10 - 10) =    -24.49513  eV     1   --> A              
     e( 11 - 11) =    -10.02846  eV     1   --> A              
     e( 12 - 12) =     -7.34482  eV     1   --> A              
     e( 13 - 13) =     -7.01688  eV     1   --> A              
     e( 14 - 14) =     -6.28598  eV     1   --> A              
     e( 15 - 15) =     -6.16905  eV     1   --> A              
     e( 16 - 16) =     -6.10871  eV     1   --> A              
     e( 17 - 17) =     -6.06600  eV     1   --> A              
     e( 18 - 18) =     -4.19747  eV     1   --> A              
     e( 19 - 19) =     -2.91022  eV     1   --> A              
     e( 20 - 20) =     -2.44761  eV     1   --> A              
     e( 21 - 21) =     -1.15896  eV     1   --> A              
     e( 22 - 22) =      2.03818  eV     1   --> A              
     e( 23 - 23) =      2.37703  eV     1   --> A              
     e( 24 - 24) =      2.69490  eV     1   --> A              
     e( 25 - 25) =      2.77419  eV     1   --> A              

 **************************************************************************

 **************************************************************************

                    xk=(   0.06667,   0.57735,   0.00000  )

     Band symmetry, C_1 (1)     point group:

     e(  1 -  1) =    -57.10155  eV     1   --> A              
     e(  2 -  2) =    -57.07953  eV     1   --> A              
     e(  3 -  3) =    -33.72622  eV     1   --> A              
     e(  4 -  4) =    -33.64799  eV     1   --> A              
     e(  5 -  5) =    -33.44070  eV     1   --> A              
     e(  6 -  6) =    -33.37638  eV     1   --> A              
     e(  7 -  7) =    -33.31944  eV     1   --> A              
     e(  8 -  8) =    -33.25673  eV     1   --> A              
     e(  9 -  9) =    -24.49875  eV     1   --> A              
     e( 10 - 10) =    -24.49363  eV     1   --> A              
     e( 11 - 11) =    -10.01772  eV     1   --> A              
     e( 12 - 12) =     -7.31690  eV     1   --> A              
     e( 13 - 13) =     -7.01630  eV     1   --> A              
     e( 14 - 14) =     -6.27915  eV     1   --> A              
     e( 15 - 15) =     -6.18725  eV     1   --> A              
     e( 16 - 16) =     -6.09779  eV     1   --> A              
     e( 17 - 17) =     -6.09647  eV     1   --> A              
     e( 18 - 18) =     -4.18794  eV     1   --> A              
     e( 19 - 19) =     -2.91365  eV     1   --> A              
     e( 20 - 20) =     -2.60188  eV     1   --> A              
     e( 21 - 21) =     -0.98178  eV     1   --> A              
     e( 22 - 22) =      2.04423  eV     1   --> A              
     e( 23 - 23) =      2.27139  eV     1   --> A              
     e( 24 - 24) =      2.72199  eV     1   --> A              
     e( 25 - 25) =      2.72309  eV     1   --> A              

 **************************************************************************

 **************************************************************************

                    xk=(   0.10000,   0.57735,   0.00000  )

     Band symmetry, C_1 (1)     point group:

     e(  1 -  1) =    -57.10025  eV     1   --> A              
     e(  2 -  2) =    -57.07947  eV     1   --> A              
     e(  3 -  3) =    -33.71752  eV     1   --> A              
     e(  4 -  4) =    -33.64260  eV     1   --> A              
     e(  5 -  5) =    -33.43601  eV     1   --> A              
     e(  6 -  6) =    -33.39618  eV     1   --> A              
     e(  7 -  7) =    -33.31616  eV     1   --> A              
     e(  8 -  8) =    -33.27039  eV     1   --> A              
     e(  9 -  9) =    -24.49605  eV     1   --> A              
     e( 10 - 10) =    -24.49127  eV     1   --> A              
     e( 11 - 11) =    -10.00072  eV     1   --> A              
     e( 12 - 12) =     -7.27209  eV     1   --> A              
     e( 13 - 13) =     -7.01383  eV     1   --> A              
     e( 14 - 14) =     -6.26968  eV     1   --> A              
     e( 15 - 15) =     -6.20675  eV     1   --> A              
     e( 16 - 16) =     -6.14184  eV     1   --> A              
     e( 17 - 17) =     -6.09220  eV     1   --> A              
     e( 18 - 18) =     -4.17256  eV     1   --> A              
     e( 19 - 19) =     -2.91809  eV     1   --> A              
     e( 20 - 20) =     -2.79561  eV     1   --> A              
     e( 21 - 21) =     -0.74530  eV     1   --> A              
     e( 22 - 22) =      2.05324  eV     1   --> A              
     e( 23 - 23) =      2.14077  eV     1   --> A              
     e( 24 - 24) =      2.64680  eV     1   --> A              
     e( 25 - 25) =      2.73817  eV     1   --> A              

 **************************************************************************

 **************************************************************************

                    xk=(   0.13333,   0.57735,   0.00000  )

     Band symmetry, C_1 (1)     point group:

     e(  1 -  1) =    -57.09853  eV     1   --> A              
     e(  2 -  2) =    -57.07947  eV     1   --> A              
     e(  3 -  3) =    -33.70564  eV     1   --> A              
     e(  4 -  4) =    -33.63547  eV     1   --> A              
     e(  5 -  5) =    -33.42980  eV     1   --> A              
     e(  6 -  6) =    -33.41954  eV     1   --> A              
     e(  7 -  7) =    -33.31500  eV     1   --> A              
     e(  8 -  8) =    -33.28809  eV     1   --> A              
     e(  9 -  9) =    -24.49260  eV     1   --> A              
     e( 10 - 10) =    -24.48828  eV     1   --> A              
     e( 11 - 11) =     -9.97882  eV     1   --> A              
     e( 12 - 12) =     -7.21346  eV     1   --> A              
     e( 13 - 13) =     -7.00784  eV     1   --> A              
     e( 14 - 14) =     -6.26720  eV     1   --> A              
     e( 15 - 15) =     -6.22788  eV     1   --> A              
     e( 16 - 16) =     -6.19015  eV     1   --> A              
     e( 17 - 17) =     -6.09519  eV     1   --> A              
     e( 18 - 18) =     -4.15208  eV     1   --> A              
     e( 19 - 19) =     -2.99912  eV     1   --> A              
     e( 20 - 20) =     -2.92352  eV     1   --> A              
     e( 21 - 21) =     -0.47989  eV     1   --> A              
     e( 22 - 22) =      1.99662  eV     1   --> A              
     e( 23 - 23) =      2.05779  eV     1   --> A              
     e( 24 - 24) =      2.55521  eV     1   --> A              
     e( 25 - 25) =      2.73318  eV     1   --> A              

 **************************************************************************

 **************************************************************************

                    xk=(   0.16667,   0.57735,   0.00000  )

     Band symmetry, C_1 (1)     point group:

     e(  1 -  1) =    -57.09646  eV     1   --> A              
     e(  2 -  2) =    -57.07956  eV     1   --> A              
     e(  3 -  3) =    -33.69079  eV     1   --> A              
     e(  4 -  4) =    -33.62706  eV     1   --> A              
     e(  5 -  5) =    -33.44552  eV     1   --> A              
     e(  6 -  6) =    -33.42252  eV     1   --> A              
     e(  7 -  7) =    -33.31593  eV     1   --> A              
     e(  8 -  8) =    -33.30830  eV     1   --> A              
     e(  9 -  9) =    -24.48868  eV     1   --> A              
     e( 10 - 10) =    -24.48494  eV     1   --> A              
     e( 11 - 11) =     -9.95362  eV     1   --> A              
     e( 12 - 12) =     -7.14450  eV     1   --> A              
     e( 13 - 13) =     -6.99648  eV     1   --> A              
     e( 14 - 14) =     -6.30383  eV     1   --> A              
     e( 15 - 15) =     -6.25520  eV     1   --> A              
     e( 16 - 16) =     -6.20438  eV     1   --> A              
     e( 17 - 17) =     -6.10421  eV     1   --> A              
     e( 18 - 18) =     -4.12619  eV     1   --> A              
     e( 19 - 19) =     -3.19556  eV     1   --> A              
     e( 20 - 20) =     -2.92841  eV     1   --> A              
     e( 21 - 21) =     -0.19747  eV     1   --> A              
     e( 22 - 22) =      1.85308  eV     1   --> A              
     e( 23 - 23) =      2.05582  eV     1   --> A              
     e( 24 - 24) =      2.46272  eV     1   --> A              
     e( 25 - 25) =      2.67849  eV     1   --> A              

 **************************************************************************

 **************************************************************************

                    xk=(   0.20000,   0.57735,   0.00000  )

     Band symmetry, C_1 (1)     point group:

     e(  1 -  1) =    -57.09413  eV     1   --> A              
     e(  2 -  2) =    -57.07985  eV     1   --> A              
     e(  3 -  3) =    -33.67339  eV     1   --> A              
     e(  4 -  4) =    -33.61809  eV     1   --> A              
     e(  5 -  5) =    -33.47313  eV     1   --> A              
     e(  6 -  6) =    -33.41501  eV     1   --> A              
     e(  7 -  7) =    -33.32883  eV     1   --> A              
     e(  8 -  8) =    -33.31882  eV     1   --> A              
     e(  9 -  9) =    -24.48465  eV     1   --> A              
     e( 10 - 10) =    -24.48156  eV     1   --> A              
     e( 11 - 11) =     -9.92737  eV     1   --> A              
     e( 12 - 12) =     -7.07059  eV     1   --> A              
     e( 13 - 13) =     -6.97877  eV     1   --> A              
     e( 14 - 14) =     -6.36883  eV     1   --> A              
     e( 15 - 15) =     -6.29538  eV     1   --> A              
     e( 16 - 16) =     -6.19138  eV     1   --> A              
     e( 17 - 17) =     -6.11444  eV     1   --> A              
     e( 18 - 18) =     -4.09434  eV     1   --> A              
     e( 19 - 19) =     -3.37674  eV     1   --> A              
     e( 20 - 20) =     -2.93225  eV     1   --> A              
     e( 21 - 21) =      0.09274  eV     1   --> A              
     e( 22 - 22) =      1.71267  eV     1   --> A              
     e( 23 - 23) =      2.03059  eV     1   --> A              
     e( 24 - 24) =      2.38521  eV     1   --> A              
     e( 25 - 25) =      2.62537  eV     1   --> A              

 **************************************************************************

 **************************************************************************

                    xk=(   0.23333,   0.57735,   0.00000  )

     Band symmetry, C_1 (1)     point group:

     e(  1 -  1) =    -57.09164  eV     1   --> A              
     e(  2 -  2) =    -57.08039  eV     1   --> A              
     e(  3 -  3) =    -33.65384  eV     1   --> A              
     e(  4 -  4) =    -33.60949  eV     1   --> A              
     e(  5 -  5) =    -33.50121  eV     1   --> A              
     e(  6 -  6) =    -33.40902  eV     1   --> A              
     e(  7 -  7) =    -33.34620  eV     1   --> A              
     e(  8 -  8) =    -33.32350  eV     1   --> A              
     e(  9 -  9) =    -24.48085  eV     1   --> A              
     e( 10 - 10) =    -24.47847  eV     1   --> A              
     e( 11 - 11) =     -9.90211  eV     1   --> A              
     e( 12 - 12) =     -6.99738  eV     1   --> A              
     e( 13 - 13) =     -6.95418  eV     1   --> A              
     e( 14 - 14) =     -6.43492  eV     1   --> A              
     e( 15 - 15) =     -6.35065  eV     1   --> A              
     e( 16 - 16) =     -6.17311  eV     1   --> A              
     e( 17 - 17) =     -6.12099  eV     1   --> A              
     e( 18 - 18) =     -4.05477  eV     1   --> A              
     e( 19 - 19) =     -3.53664  eV     1   --> A              
     e( 20 - 20) =     -2.93427  eV     1   --> A              
     e( 21 - 21) =      0.38272  eV     1   --> A              
     e( 22 - 22) =      1.58515  eV     1   --> A              
     e( 23 - 23) =      1.96191  eV     1   --> A              
     e( 24 - 24) =      2.34988  eV     1   --> A              
     e( 25 - 25) =      2.58287  eV     1   --> A              

 **************************************************************************

 **************************************************************************

                    xk=(   0.26667,   0.57735,   0.00000  )

     Band symmetry, C_1 (1)     point group:

     e(  1 -  1) =    -57.08914  eV     1   --> A              
     e(  2 -  2) =    -57.08128  eV     1   --> A              
     e(  3 -  3) =    -33.63288  eV     1   --> A              
     e(  4 -  4) =    -33.60257  eV     1   --> A              
     e(  5 -  5) =    -33.52840  eV     1   --> A              
     e(  6 -  6) =    -33.40754  eV     1   --> A              
     e(  7 -  7) =    -33.35538  eV     1   --> A              
     e(  8 -  8) =    -33.32981  eV     1   --> A              
     e(  9 -  9) =    -24.47764  eV     1   --> A              
     e( 10 - 10) =    -24.47601  eV     1   --> A              
     e( 11 - 11) =     -9.88054  eV     1   --> A              
     e( 12 - 12) =     -6.93342  eV     1   --> A              
     e( 13 - 13) =     -6.92569  eV     1   --> A              
     e( 14 - 14) =     -6.48928  eV     1   --> A              
     e( 15 - 15) =     -6.41650  eV     1   --> A              
     e( 16 - 16) =     -6.15556  eV     1   --> A              
     e( 17 - 17) =     -6.12432  eV     1   --> A              
     e( 18 - 18) =     -4.00623  eV     1   --> A              
     e( 19 - 19) =     -3.67354  eV     1   --> A              
     e( 20 - 20) =     -2.93484  eV     1   --> A              
     e( 21 - 21) =      0.65236  eV     1   --> A              
     e( 22 - 22) =      1.48201  eV     1   --> A              
     e( 23 - 23) =      1.84673  eV     1   --> A              
     e( 24 - 24) =      2.36238  eV     1   --> A              
     e( 25 - 25) =      2.54545  eV     1   --> A              

 **************************************************************************

 **************************************************************************

                    xk=(   0.30000,   0.57735,   0.00000  )

     Band symmetry, C_1 (1)     point group:

     e(  1 -  1) =    -57.08671  eV     1   --> A              
     e(  2 -  2) =    -57.08256  eV     1   --> A              
     e(  3 -  3) =    -33.61203  eV     1   --> A              
     e(  4 -  4) =    -33.59872  eV     1   --> A              
     e(  5 -  5) =    -33.55242  eV     1   --> A              
     e(  6 -  6) =    -33.41067  eV     1   --> A              
     e(  7 -  7) =    -33.35411  eV     1   --> A              
     e(  8 -  8) =    -33.33755  eV     1   --> A              
     e(  9 -  9) =    -24.47538  eV     1   --> A              
     e( 10 - 10) =    -24.47445  eV     1   --> A              
     e( 11 - 11) =     -9.86526  eV     1   --> A              
     e( 12 - 12) =     -6.89940  eV     1   --> A              
     e( 13 - 13) =     -6.88995  eV     1   --> A              
     e( 14 - 14) =     -6.51942  eV     1   --> A              
     e( 15 - 15) =     -6.47858  eV     1   --> A              
     e( 16 - 16) =     -6.14120  eV     1   --> A              
     e( 17 - 17) =     -6.12662  eV     1   --> A              
     e( 18 - 18) =     -3.94659  eV     1   --> A              
     e( 19 - 19) =     -3.78657  eV     1   --> A              
     e( 20 - 20) =     -2.93388  eV     1   --> A              
     e( 21 - 21) =      0.86413  eV     1   --> A              
     e( 22 - 22) =      1.44444  eV     1   --> A              
     e( 23 - 23) =      1.70214  eV     1   --> A              
     e( 24 - 24) =      2.41168  eV     1   --> A              
     e( 25 - 25) =      2.51692  eV     1   --> A              

 **************************************************************************

 **************************************************************************

                    xk=(   0.33333,   0.57735,   0.00000  )

     Band symmetry, C_1 (1)     point group:

     e(  1 -  1) =    -57.08484  eV     1   --> A              
     e(  2 -  2) =    -57.08402  eV     1   --> A              
     e(  3 -  3) =    -33.59906  eV     1   --> A              
     e(  4 -  4) =    -33.59867  eV     1   --> A              
     e(  5 -  5) =    -33.56531  eV     1   --> A              
     e(  6 -  6) =    -33.41285  eV     1   --> A              
     e(  7 -  7) =    -33.34657  eV     1   --> A              
     e(  8 -  8) =    -33.34631  eV     1   --> A              
     e(  9 -  9) =    -24.47449  eV     1   --> A              
     e( 10 - 10) =    -24.47396  eV     1   --> A              
     e( 11 - 11) =     -9.85955  eV     1   --> A              
     e( 12 - 12) =     -6.88784  eV     1   --> A              
     e( 13 - 13) =     -6.87579  eV     1   --> A              
     e( 14 - 14) =     -6.51687  eV     1   --> A              
     e( 15 - 15) =     -6.51636  eV     1   --> A              
     e( 16 - 16) =     -6.13179  eV     1   --> A              
     e( 17 - 17) =     -6.13127  eV     1   --> A              
     e( 18 - 18) =     -3.87598  eV     1   --> A              
     e( 19 - 19) =     -3.87538  eV     1   --> A              
     e( 20 - 20) =     -2.93305  eV     1   --> A              
     e( 21 - 21) =      0.93638  eV     1   --> A              
     e( 22 - 22) =      1.54177  eV     1   --> A              
     e( 23 - 23) =      1.54199  eV     1   --> A              
     e( 24 - 24) =      2.47804  eV     1   --> A              
     e( 25 - 25) =      2.47821  eV     1   --> A              

 **************************************************************************

 **************************************************************************

                    xk=(   0.31667,   0.54848,   0.00000  )

     Band symmetry, C_1 (1)     point group:

     e(  1 -  1) =    -57.08686  eV     1   --> A              
     e(  2 -  2) =    -57.08245  eV     1   --> A              
     e(  3 -  3) =    -33.60717  eV     1   --> A              
     e(  4 -  4) =    -33.60260  eV     1   --> A              
     e(  5 -  5) =    -33.55296  eV     1   --> A              
     e(  6 -  6) =    -33.41005  eV     1   --> A              
     e(  7 -  7) =    -33.35604  eV     1   --> A              
     e(  8 -  8) =    -33.33629  eV     1   --> A              
     e(  9 -  9) =    -24.47543  eV     1   --> A              
     e( 10 - 10) =    -24.47454  eV     1   --> A              
     e( 11 - 11) =     -9.86625  eV     1   --> A              
     e( 12 - 12) =     -6.89973  eV     1   --> A              
     e( 13 - 13) =     -6.88576  eV     1   --> A              
     e( 14 - 14) =     -6.51378  eV     1   --> A              
     e( 15 - 15) =     -6.48527  eV     1   --> A              
     e( 16 - 16) =     -6.14189  eV     1   --> A              
     e( 17 - 17) =     -6.12678  eV     1   --> A              
     e( 18 - 18) =     -3.94070  eV     1   --> A              
     e( 19 - 19) =     -3.79264  eV     1   --> A              
     e( 20 - 20) =     -2.93446  eV     1   --> A              
     e( 21 - 21) =      0.89709  eV     1   --> A              
     e( 22 - 22) =      1.37515  eV     1   --> A              
     e( 23 - 23) =      1.73780  eV     1   --> A              
     e( 24 - 24) =      2.42677  eV     1   --> A              
     e( 25 - 25) =      2.46908  eV     1   --> A              

 **************************************************************************

 **************************************************************************

                    xk=(   0.30000,   0.51961,   0.00000  )

     Band symmetry, C_1 (1)     point group:

     e(  1 -  1) =    -57.08986  eV     1   --> A              
     e(  2 -  2) =    -57.08097  eV     1   --> A              
     e(  3 -  3) =    -33.62026  eV     1   --> A              
     e(  4 -  4) =    -33.60815  eV     1   --> A              
     e(  5 -  5) =    -33.53220  eV     1   --> A              
     e(  6 -  6) =    -33.40195  eV     1   --> A              
     e(  7 -  7) =    -33.36564  eV     1   --> A              
     e(  8 -  8) =    -33.32540  eV     1   --> A              
     e(  9 -  9) =    -24.47811  eV     1   --> A              
     e( 10 - 10) =    -24.47667  eV     1   --> A              
     e( 11 - 11) =     -9.88854  eV     1   --> A              
     e( 12 - 12) =     -6.92519  eV     1   --> A              
     e( 13 - 13) =     -6.90551  eV     1   --> A              
     e( 14 - 14) =     -6.47321  eV     1   --> A              
     e( 15 - 15) =     -6.43922  eV     1   --> A              
     e( 16 - 16) =     -6.15964  eV     1   --> A              
     e( 17 - 17) =     -6.12721  eV     1   --> A              
     e( 18 - 18) =     -3.98184  eV     1   --> A              
     e( 19 - 19) =     -3.69948  eV     1   --> A              
     e( 20 - 20) =     -2.93922  eV     1   --> A              
     e( 21 - 21) =      0.81921  eV     1   --> A              
     e( 22 - 22) =      1.20753  eV     1   --> A              
     e( 23 - 23) =      1.94266  eV     1   --> A              
     e( 24 - 24) =      2.38153  eV     1   --> A              
     e( 25 - 25) =      2.45273  eV     1   --> A              

 **************************************************************************

 **************************************************************************

                    xk=(   0.28333,   0.49075,   0.00000  )

     Band symmetry, C_1 (1)     point group:

     e(  1 -  1) =    -57.09350  eV     1   --> A              
     e(  2 -  2) =    -57.07993  eV     1   --> A              
     e(  3 -  3) =    -33.62993  eV     1   --> A              
     e(  4 -  4) =    -33.61312  eV     1   --> A              
     e(  5 -  5) =    -33.51198  eV     1   --> A              
     e(  6 -  6) =    -33.38979  eV     1   --> A              
     e(  7 -  7) =    -33.37399  eV     1   --> A              
     e(  8 -  8) =    -33.31455  eV     1   --> A              
     e(  9 -  9) =    -24.48251  eV     1   --> A              
     e( 10 - 10) =    -24.48062  eV     1   --> A              
     e( 11 - 11) =     -9.92825  eV     1   --> A              
     e( 12 - 12) =     -6.94454  eV     1   --> A              
     e( 13 - 13) =     -6.92361  eV     1   --> A              
     e( 14 - 14) =     -6.41052  eV     1   --> A              
     e( 15 - 15) =     -6.38798  eV     1   --> A              
     e( 16 - 16) =     -6.18446  eV     1   --> A              
     e( 17 - 17) =     -6.13267  eV     1   --> A              
     e( 18 - 18) =     -3.99902  eV     1   --> A              
     e( 19 - 19) =     -3.59703  eV     1   --> A              
     e( 20 - 20) =     -2.94829  eV     1   --> A              
     e( 21 - 21) =      0.73608  eV     1   --> A              
     e( 22 - 22) =      1.04450  eV     1   --> A              
     e( 23 - 23) =      2.10477  eV     1   --> A              
     e( 24 - 24) =      2.35835  eV     1   --> A              
     e( 25 - 25) =      2.44240  eV     1   --> A              

 **************************************************************************

 **************************************************************************

                    xk=(   0.26667,   0.46188,   0.00000  )

     Band symmetry, C_1 (1)     point group:

     e(  1 -  1) =    -57.09778  eV     1   --> A              
     e(  2 -  2) =    -57.07943  eV     1   --> A              
     e(  3 -  3) =    -33.63491  eV     1   --> A              
     e(  4 -  4) =    -33.61551  eV     1   --> A              
     e(  5 -  5) =    -33.49531  eV     1   --> A              
     e(  6 -  6) =    -33.37911  eV     1   --> A              
     e(  7 -  7) =    -33.37511  eV     1   --> A              
     e(  8 -  8) =    -33.30414  eV     1   --> A              
     e(  9 -  9) =    -24.48866  eV     1   --> A              
     e( 10 - 10) =    -24.48649  eV     1   --> A              
     e( 11 - 11) =     -9.98628  eV     1   --> A              
     e( 12 - 12) =     -6.94436  eV     1   --> A              
     e( 13 - 13) =     -6.93403  eV     1   --> A              
     e( 14 - 14) =     -6.33944  eV     1   --> A              
     e( 15 - 15) =     -6.33645  eV     1   --> A              
     e( 16 - 16) =     -6.21361  eV     1   --> A              
     e( 17 - 17) =     -6.14382  eV     1   --> A              
     e( 18 - 18) =     -3.99232  eV     1   --> A              
     e( 19 - 19) =     -3.48780  eV     1   --> A              
     e( 20 - 20) =     -2.96198  eV     1   --> A              
     e( 21 - 21) =      0.65899  eV     1   --> A              
     e( 22 - 22) =      0.89006  eV     1   --> A              
     e( 23 - 23) =      2.17148  eV     1   --> A              
     e( 24 - 24) =      2.38728  eV     1   --> A              
     e( 25 - 25) =      2.43697  eV     1   --> A              

 **************************************************************************

 **************************************************************************

                    xk=(   0.25000,   0.43301,   0.00000  )

     Band symmetry, C_1 (1)     point group:

     e(  1 -  1) =    -57.10270  eV     1   --> A              
     e(  2 -  2) =    -57.07949  eV     1   --> A              
     e(  3 -  3) =    -33.63528  eV     1   --> A              
     e(  4 -  4) =    -33.61395  eV     1   --> A              
     e(  5 -  5) =    -33.48455  eV     1   --> A              
     e(  6 -  6) =    -33.37838  eV     1   --> A              
     e(  7 -  7) =    -33.35928  eV     1   --> A              
     e(  8 -  8) =    -33.29434  eV     1   --> A              
     e(  9 -  9) =    -24.49656  eV     1   --> A              
     e( 10 - 10) =    -24.49435  eV     1   --> A              
     e( 11 - 11) =    -10.06215  eV     1   --> A              
     e( 12 - 12) =     -6.93386  eV     1   --> A              
     e( 13 - 13) =     -6.91955  eV     1   --> A              
     e( 14 - 14) =     -6.28741  eV     1   --> A              
     e( 15 - 15) =     -6.28686  eV     1   --> A              
     e( 16 - 16) =     -6.22433  eV     1   --> A              
     e( 17 - 17) =     -6.16171  eV     1   --> A              
     e( 18 - 18) =     -3.96302  eV     1   --> A              
     e( 19 - 19) =     -3.37434  eV     1   --> A              
     e( 20 - 20) =     -2.97961  eV     1   --> A              
     e( 21 - 21) =      0.59004  eV     1   --> A              
     e( 22 - 22) =      0.74564  eV     1   --> A              
     e( 23 - 23) =      2.16343  eV     1   --> A              
     e( 24 - 24) =      2.43415  eV     1   --> A              
     e( 25 - 25) =      2.44184  eV     1   --> A              

 **************************************************************************

 **************************************************************************

                    xk=(   0.23333,   0.40414,   0.00000  )

     Band symmetry, C_1 (1)     point group:

     e(  1 -  1) =    -57.10820  eV     1   --> A              
     e(  2 -  2) =    -57.08013  eV     1   --> A              
     e(  3 -  3) =    -33.63193  eV     1   --> A              
     e(  4 -  4) =    -33.60761  eV     1   --> A              
     e(  5 -  5) =    -33.48001  eV     1   --> A              
     e(  6 -  6) =    -33.37060  eV     1   --> A              
     e(  7 -  7) =    -33.34329  eV     1   --> A              
     e(  8 -  8) =    -33.28510  eV     1   --> A              
     e(  9 -  9) =    -24.50615  eV     1   --> A              
     e( 10 - 10) =    -24.50418  eV     1   --> A              
     e( 11 - 11) =    -10.15354  eV     1   --> A              
     e( 12 - 12) =     -6.92090  eV     1   --> A              
     e( 13 - 13) =     -6.87058  eV     1   --> A              
     e( 14 - 14) =     -6.30360  eV     1   --> A              
     e( 15 - 15) =     -6.24144  eV     1   --> A              
     e( 16 - 16) =     -6.18609  eV     1   --> A              
     e( 17 - 17) =     -6.16726  eV     1   --> A              
     e( 18 - 18) =     -3.91184  eV     1   --> A              
     e( 19 - 19) =     -3.25982  eV     1   --> A              
     e( 20 - 20) =     -2.99794  eV     1   --> A              
     e( 21 - 21) =      0.53221  eV     1   --> A              
     e( 22 - 22) =      0.61530  eV     1   --> A              
     e( 23 - 23) =      2.13565  eV     1   --> A              
     e( 24 - 24) =      2.43304  eV     1   --> A              
     e( 25 - 25) =      2.47423  eV     1   --> A              

 **************************************************************************

 **************************************************************************

                    xk=(   0.21667,   0.37528,   0.00000  )

     Band symmetry, C_1 (1)     point group:

     e(  1 -  1) =    -57.11421  eV     1   --> A              
     e(  2 -  2) =    -57.08133  eV     1   --> A              
     e(  3 -  3) =    -33.62687  eV     1   --> A              
     e(  4 -  4) =    -33.59621  eV     1   --> A              
     e(  5 -  5) =    -33.47832  eV     1   --> A              
     e(  6 -  6) =    -33.35742  eV     1   --> A              
     e(  7 -  7) =    -33.32815  eV     1   --> A              
     e(  8 -  8) =    -33.27620  eV     1   --> A              
     e(  9 -  9) =    -24.51730  eV     1   --> A              
     e( 10 - 10) =    -24.51591  eV     1   --> A              
     e( 11 - 11) =    -10.25739  eV     1   --> A              
     e( 12 - 12) =     -6.89390  eV     1   --> A              
     e( 13 - 13) =     -6.80371  eV     1   --> A              
     e( 14 - 14) =     -6.32993  eV     1   --> A              
     e( 15 - 15) =     -6.23507  eV     1   --> A              
     e( 16 - 16) =     -6.18499  eV     1   --> A              
     e( 17 - 17) =     -6.09693  eV     1   --> A              
     e( 18 - 18) =     -3.84073  eV     1   --> A              
     e( 19 - 19) =     -3.15073  eV     1   --> A              
     e( 20 - 20) =     -3.01026  eV     1   --> A              
     e( 21 - 21) =      0.48528  eV     1   --> A              
     e( 22 - 22) =      0.50076  eV     1   --> A              
     e( 23 - 23) =      2.10099  eV     1   --> A              
     e( 24 - 24) =      2.42991  eV     1   --> A              
     e( 25 - 25) =      2.47117  eV     1   --> A              

 **************************************************************************

 **************************************************************************

                    xk=(   0.20000,   0.34641,   0.00000  )

     Band symmetry, C_1 (1)     point group:

     e(  1 -  1) =    -57.12060  eV     1   --> A              
     e(  2 -  2) =    -57.08303  eV     1   --> A              
     e(  3 -  3) =    -33.62310  eV     1   --> A              
     e(  4 -  4) =    -33.57987  eV     1   --> A              
     e(  5 -  5) =    -33.47410  eV     1   --> A              
     e(  6 -  6) =    -33.34149  eV     1   --> A              
     e(  7 -  7) =    -33.31471  eV     1   --> A              
     e(  8 -  8) =    -33.26718  eV     1   --> A              
     e(  9 -  9) =    -24.52993  eV     1   --> A              
     e( 10 - 10) =    -24.52932  eV     1   --> A              
     e( 11 - 11) =    -10.36990  eV     1   --> A              
     e( 12 - 12) =     -6.85230  eV     1   --> A              
     e( 13 - 13) =     -6.73034  eV     1   --> A              
     e( 14 - 14) =     -6.34070  eV     1   --> A              
     e( 15 - 15) =     -6.28155  eV     1   --> A              
     e( 16 - 16) =     -6.14586  eV     1   --> A              
     e( 17 - 17) =     -6.03077  eV     1   --> A              
     e( 18 - 18) =     -3.75064  eV     1   --> A              
     e( 19 - 19) =     -3.08531  eV     1   --> A              
     e( 20 - 20) =     -2.97659  eV     1   --> A              
     e( 21 - 21) =      0.40594  eV     1   --> A              
     e( 22 - 22) =      0.45067  eV     1   --> A              
     e( 23 - 23) =      2.06523  eV     1   --> A              
     e( 24 - 24) =      2.42631  eV     1   --> A              
     e( 25 - 25) =      2.44175  eV     1   --> A              

 **************************************************************************

 **************************************************************************

                    xk=(   0.18333,   0.31754,   0.00000  )

     Band symmetry, C_1 (1)     point group:

     e(  1 -  1) =    -57.12732  eV     1   --> A              
     e(  2 -  2) =    -57.08521  eV     1   --> A              
     e(  3 -  3) =    -33.62372  eV     1   --> A              
     e(  4 -  4) =    -33.55911  eV     1   --> A              
     e(  5 -  5) =    -33.46291  eV     1   --> A              
     e(  6 -  6) =    -33.32479  eV     1   --> A              
     e(  7 -  7) =    -33.30368  eV     1   --> A              
     e(  8 -  8) =    -33.25760  eV     1   --> A              
     e(  9 -  9) =    -24.54461  eV     1   --> A              
     e( 10 - 10) =    -24.54342  eV     1   --> A              
     e( 11 - 11) =    -10.48755  eV     1   --> A              
     e( 12 - 12) =     -6.79611  eV     1   --> A              
     e( 13 - 13) =     -6.66769  eV     1   --> A              
     e( 14 - 14) =     -6.34399  eV     1   --> A              
     e( 15 - 15) =     -6.32137  eV     1   --> A              
     e( 16 - 16) =     -6.10819  eV     1   --> A              
     e( 17 - 17) =     -5.97165  eV     1   --> A              
     e( 18 - 18) =     -3.64312  eV     1   --> A              
     e( 19 - 19) =     -3.08558  eV     1   --> A              
     e( 20 - 20) =     -2.87613  eV     1   --> A              
     e( 21 - 21) =      0.33027  eV     1   --> A              
     e( 22 - 22) =      0.42814  eV     1   --> A              
     e( 23 - 23) =      2.02265  eV     1   --> A              
     e( 24 - 24) =      2.38766  eV     1   --> A              
     e( 25 - 25) =      2.40796  eV     1   --> A              

 **************************************************************************

 **************************************************************************

                    xk=(   0.16667,   0.28867,   0.00000  )

     Band symmetry, C_1 (1)     point group:

     e(  1 -  1) =    -57.13420  eV     1   --> A              
     e(  2 -  2) =    -57.08776  eV     1   --> A              
     e(  3 -  3) =    -33.62985  eV     1   --> A              
     e(  4 -  4) =    -33.53473  eV     1   --> A              
     e(  5 -  5) =    -33.44318  eV     1   --> A              
     e(  6 -  6) =    -33.30845  eV     1   --> A              
     e(  7 -  7) =    -33.29530  eV     1   --> A              
     e(  8 -  8) =    -33.24731  eV     1   --> A              
     e(  9 -  9) =    -24.56093  eV     1   --> A              
     e( 10 - 10) =    -24.55803  eV     1   --> A              
     e( 11 - 11) =    -10.60686  eV     1   --> A              
     e( 12 - 12) =     -6.72577  eV     1   --> A              
     e( 13 - 13) =     -6.62657  eV     1   --> A              
     e( 14 - 14) =     -6.41884  eV     1   --> A              
     e( 15 - 15) =     -6.26561  eV     1   --> A              
     e( 16 - 16) =     -6.07528  eV     1   --> A              
     e( 17 - 17) =     -5.92045  eV     1   --> A              
     e( 18 - 18) =     -3.51893  eV     1   --> A              
     e( 19 - 19) =     -3.09833  eV     1   --> A              
     e( 20 - 20) =     -2.76241  eV     1   --> A              
     e( 21 - 21) =      0.27461  eV     1   --> A              
     e( 22 - 22) =      0.41692  eV     1   --> A              
     e( 23 - 23) =      1.96186  eV     1   --> A              
     e( 24 - 24) =      2.29607  eV     1   --> A              
     e( 25 - 25) =      2.36677  eV     1   --> A              

 **************************************************************************

 **************************************************************************

                    xk=(   0.15000,   0.25981,   0.00000  )

     Band symmetry, C_1 (1)     point group:

     e(  1 -  1) =    -57.14108  eV     1   --> A              
     e(  2 -  2) =    -57.09056  eV     1   --> A              
     e(  3 -  3) =    -33.64039  eV     1   --> A              
     e(  4 -  4) =    -33.50776  eV     1   --> A              
     e(  5 -  5) =    -33.41620  eV     1   --> A              
     e(  6 -  6) =    -33.29304  eV     1   --> A              
     e(  7 -  7) =    -33.28907  eV     1   --> A              
     e(  8 -  8) =    -33.23665  eV     1   --> A              
     e(  9 -  9) =    -24.57821  eV     1   --> A              
     e( 10 - 10) =    -24.57317  eV     1   --> A              
     e( 11 - 11) =    -10.72458  eV     1   --> A              
     e( 12 - 12) =     -6.64234  eV     1   --> A              
     e( 13 - 13) =     -6.60015  eV     1   --> A              
     e( 14 - 14) =     -6.50343  eV     1   --> A              
     e( 15 - 15) =     -6.18553  eV     1   --> A              
     e( 16 - 16) =     -6.04815  eV     1   --> A              
     e( 17 - 17) =     -5.87700  eV     1   --> A              
     e( 18 - 18) =     -3.37833  eV     1   --> A              
     e( 19 - 19) =     -3.11155  eV     1   --> A              
     e( 20 - 20) =     -2.64745  eV     1   --> A              
     e( 21 - 21) =      0.24239  eV     1   --> A              
     e( 22 - 22) =      0.41877  eV     1   --> A              
     e( 23 - 23) =      1.85891  eV     1   --> A              
     e( 24 - 24) =      2.17077  eV     1   --> A              
     e( 25 - 25) =      2.29818  eV     1   --> A              

 **************************************************************************

 **************************************************************************

                    xk=(   0.13333,   0.23094,   0.00000  )

     Band symmetry, C_1 (1)     point group:

     e(  1 -  1) =    -57.14783  eV     1   --> A              
     e(  2 -  2) =    -57.09355  eV     1   --> A              
     e(  3 -  3) =    -33.65353  eV     1   --> A              
     e(  4 -  4) =    -33.47957  eV     1   --> A              
     e(  5 -  5) =    -33.38456  eV     1   --> A              
     e(  6 -  6) =    -33.28420  eV     1   --> A              
     e(  7 -  7) =    -33.27888  eV     1   --> A              
     e(  8 -  8) =    -33.22622  eV     1   --> A              
     e(  9 -  9) =    -24.59597  eV     1   --> A              
     e( 10 - 10) =    -24.58847  eV     1   --> A              
     e( 11 - 11) =    -10.83811  eV     1   --> A              
     e( 12 - 12) =     -6.59883  eV     1   --> A              
     e( 13 - 13) =     -6.57520  eV     1   --> A              
     e( 14 - 14) =     -6.54415  eV     1   --> A              
     e( 15 - 15) =     -6.10183  eV     1   --> A              
     e( 16 - 16) =     -6.02799  eV     1   --> A              
     e( 17 - 17) =     -5.84153  eV     1   --> A              
     e( 18 - 18) =     -3.22250  eV     1   --> A              
     e( 19 - 19) =     -3.12650  eV     1   --> A              
     e( 20 - 20) =     -2.53635  eV     1   --> A              
     e( 21 - 21) =      0.22955  eV     1   --> A              
     e( 22 - 22) =      0.42942  eV     1   --> A              
     e( 23 - 23) =      1.69600  eV     1   --> A              
     e( 24 - 24) =      2.09067  eV     1   --> A              
     e( 25 - 25) =      2.20797  eV     1   --> A              

 **************************************************************************

 **************************************************************************

                    xk=(   0.11667,   0.20207,   0.00000  )

     Band symmetry, C_1 (1)     point group:

     e(  1 -  1) =    -57.15428  eV     1   --> A              
     e(  2 -  2) =    -57.09655  eV     1   --> A              
     e(  3 -  3) =    -33.66768  eV     1   --> A              
     e(  4 -  4) =    -33.45169  eV     1   --> A              
     e(  5 -  5) =    -33.35082  eV     1   --> A              
     e(  6 -  6) =    -33.27971  eV     1   --> A              
     e(  7 -  7) =    -33.26599  eV     1   --> A              
     e(  8 -  8) =    -33.21653  eV     1   --> A              
     e(  9 -  9) =    -24.61370  eV     1   --> A              
     e( 10 - 10) =    -24.60351  eV     1   --> A              
     e( 11 - 11) =    -10.94485  eV     1   --> A              
     e( 12 - 12) =     -6.69285  eV     1   --> A              
     e( 13 - 13) =     -6.54232  eV     1   --> A              
     e( 14 - 14) =     -6.44168  eV     1   --> A              
     e( 15 - 15) =     -6.02841  eV     1   --> A              
     e( 16 - 16) =     -6.01420  eV     1   --> A              
     e( 17 - 17) =     -5.81371  eV     1   --> A              
     e( 18 - 18) =     -3.14398  eV     1   --> A              
     e( 19 - 19) =     -3.05210  eV     1   --> A              
     e( 20 - 20) =     -2.43095  eV     1   --> A              
     e( 21 - 21) =      0.23612  eV     1   --> A              
     e( 22 - 22) =      0.44946  eV     1   --> A              
     e( 23 - 23) =      1.50276  eV     1   --> A              
     e( 24 - 24) =      2.04995  eV     1   --> A              
     e( 25 - 25) =      2.12393  eV     1   --> A              

 **************************************************************************

 **************************************************************************

                    xk=(   0.10000,   0.17320,   0.00000  )

     Band symmetry, C_1 (1)     point group:

     e(  1 -  1) =    -57.16021  eV     1   --> A              
     e(  2 -  2) =    -57.09946  eV     1   --> A              
     e(  3 -  3) =    -33.68163  eV     1   --> A              
     e(  4 -  4) =    -33.42576  eV     1   --> A              
     e(  5 -  5) =    -33.31737  eV     1   --> A              
     e(  6 -  6) =    -33.27467  eV     1   --> A              
     e(  7 -  7) =    -33.25422  eV     1   --> A              
     e(  8 -  8) =    -33.20798  eV     1   --> A              
     e(  9 -  9) =    -24.63081  eV     1   --> A              
     e( 10 - 10) =    -24.61784  eV     1   --> A              
     e( 11 - 11) =    -11.04250  eV     1   --> A              
     e( 12 - 12) =     -6.78716  eV     1   --> A              
     e( 13 - 13) =     -6.49777  eV     1   --> A              
     e( 14 - 14) =     -6.33170  eV     1   --> A              
     e( 15 - 15) =     -6.00630  eV     1   --> A              
     e( 16 - 16) =     -5.97191  eV     1   --> A              
     e( 17 - 17) =     -5.79541  eV     1   --> A              
     e( 18 - 18) =     -3.16551  eV     1   --> A              
     e( 19 - 19) =     -2.86999  eV     1   --> A              
     e( 20 - 20) =     -2.33336  eV     1   --> A              
     e( 21 - 21) =      0.26123  eV     1   --> A              
     e( 22 - 22) =      0.47612  eV     1   --> A              
     e( 23 - 23) =      1.31010  eV     1   --> A              
     e( 24 - 24) =      2.03230  eV     1   --> A              
     e( 25 - 25) =      2.06443  eV     1   --> A              

 **************************************************************************

 **************************************************************************

                    xk=(   0.08333,   0.14434,   0.00000  )

     Band symmetry, C_1 (1)     point group:

     e(  1 -  1) =    -57.16554  eV     1   --> A              
     e(  2 -  2) =    -57.10216  eV     1   --> A              
     e(  3 -  3) =    -33.69456  eV     1   --> A              
     e(  4 -  4) =    -33.40346  eV     1   --> A              
     e(  5 -  5) =    -33.28688  eV     1   --> A              
     e(  6 -  6) =    -33.26835  eV     1   --> A              
     e(  7 -  7) =    -33.24293  eV     1   --> A              
     e(  8 -  8) =    -33.20083  eV     1   --> A              
     e(  9 -  9) =    -24.64670  eV     1   --> A              
     e( 10 - 10) =    -24.63099  eV     1   --> A              
     e( 11 - 11) =    -11.12904  eV     1   --> A              
     e( 12 - 12) =     -6.87594  eV     1   --> A              
     e( 13 - 13) =     -6.44074  eV     1   --> A              
     e( 14 - 14) =     -6.22166  eV     1   --> A              
     e( 15 - 15) =     -6.00291  eV     1   --> A              
     e( 16 - 16) =     -5.93332  eV     1   --> A              
     e( 17 - 17) =     -5.79074  eV     1   --> A              
     e( 18 - 18) =     -3.19164  eV     1   --> A              
     e( 19 - 19) =     -2.68183  eV     1   --> A              
     e( 20 - 20) =     -2.24847  eV     1   --> A              
     e( 21 - 21) =      0.29996  eV     1   --> A              
     e( 22 - 22) =      0.50491  eV     1   --> A              
     e( 23 - 23) =      1.12619  eV     1   --> A              
     e( 24 - 24) =      2.02937  eV     1   --> A              
     e( 25 - 25) =      2.03052  eV     1   --> A              

 **************************************************************************

 **************************************************************************

                    xk=(   0.06667,   0.11547,   0.00000  )

     Band symmetry, C_1 (1)     point group:

     e(  1 -  1) =    -57.17012  eV     1   --> A              
     e(  2 -  2) =    -57.10456  eV     1   --> A              
     e(  3 -  3) =    -33.70591  eV     1   --> A              
     e(  4 -  4) =    -33.38600  eV     1   --> A              
     e(  5 -  5) =    -33.26275  eV     1   --> A              
     e(  6 -  6) =    -33.26046  eV     1   --> A              
     e(  7 -  7) =    -33.23043  eV     1   --> A              
     e(  8 -  8) =    -33.19524  eV     1   --> A              
     e(  9 -  9) =    -24.66076  eV     1   --> A              
     e( 10 - 10) =    -24.64252  eV     1   --> A              
     e( 11 - 11) =    -11.20263  eV     1   --> A              
     e( 12 - 12) =     -6.95535  eV     1   --> A              
     e( 13 - 13) =     -6.37219  eV     1   --> A              
     e( 14 - 14) =     -6.11811  eV     1   --> A              
     e( 15 - 15) =     -6.00195  eV     1   --> A              
     e( 16 - 16) =     -5.90895  eV     1   --> A              
     e( 17 - 17) =     -5.80383  eV     1   --> A              
     e( 18 - 18) =     -3.22179  eV     1   --> A              
     e( 19 - 19) =     -2.49668  eV     1   --> A              
     e( 20 - 20) =     -2.17814  eV     1   --> A              
     e( 21 - 21) =      0.34720  eV     1   --> A              
     e( 22 - 22) =      0.52888  eV     1   --> A              
     e( 23 - 23) =      0.96227  eV     1   --> A              
     e( 24 - 24) =      2.02015  eV     1   --> A              
     e( 25 - 25) =      2.03910  eV     1   --> A              

 **************************************************************************

 **************************************************************************

                    xk=(   0.05000,   0.08660,   0.00000  )

     Band symmetry, C_1 (1)     point group:

     e(  1 -  1) =    -57.17381  eV     1   --> A              
     e(  2 -  2) =    -57.10653  eV     1   --> A              
     e(  3 -  3) =    -33.71517  eV     1   --> A              
     e(  4 -  4) =    -33.37367  eV     1   --> A              
     e(  5 -  5) =    -33.25162  eV     1   --> A              
     e(  6 -  6) =    -33.24780  eV     1   --> A              
     e(  7 -  7) =    -33.21527  eV     1   --> A              
     e(  8 -  8) =    -33.19126  eV     1   --> A              
     e(  9 -  9) =    -24.67240  eV     1   --> A              
     e( 10 - 10) =    -24.65199  eV     1   --> A              
     e( 11 - 11) =    -11.26166  eV     1   --> A              
     e( 12 - 12) =     -7.02125  eV     1   --> A              
     e( 13 - 13) =     -6.29399  eV     1   --> A              
     e( 14 - 14) =     -6.03533  eV     1   --> A              
     e( 15 - 15) =     -5.99403  eV     1   --> A              
     e( 16 - 16) =     -5.89419  eV     1   --> A              
     e( 17 - 17) =     -5.83654  eV     1   --> A              
     e( 18 - 18) =     -3.25229  eV     1   --> A              
     e( 19 - 19) =     -2.32569  eV     1   --> A              
     e( 20 - 20) =     -2.12426  eV     1   --> A              
     e( 21 - 21) =      0.39756  eV     1   --> A              
     e( 22 - 22) =      0.54093  eV     1   --> A              
     e( 23 - 23) =      0.83030  eV     1   --> A              
     e( 24 - 24) =      2.03063  eV     1   --> A              
     e( 25 - 25) =      2.05597  eV     1   --> A              

 **************************************************************************

 **************************************************************************

                    xk=(   0.03333,   0.05773,   0.00000  )

     Band symmetry, C_1 (1)     point group:

     e(  1 -  1) =    -57.17650  eV     1   --> A              
     e(  2 -  2) =    -57.10799  eV     1   --> A              
     e(  3 -  3) =    -33.72200  eV     1   --> A              
     e(  4 -  4) =    -33.36588  eV     1   --> A              
     e(  5 -  5) =    -33.24323  eV     1   --> A              
     e(  6 -  6) =    -33.24001  eV     1   --> A              
     e(  7 -  7) =    -33.20066  eV     1   --> A              
     e(  8 -  8) =    -33.18880  eV     1   --> A              
     e(  9 -  9) =    -24.68111  eV     1   --> A              
     e( 10 - 10) =    -24.65904  eV     1   --> A              
     e( 11 - 11) =    -11.30479  eV     1   --> A              
     e( 12 - 12) =     -7.07051  eV     1   --> A              
     e( 13 - 13) =     -6.20924  eV     1   --> A              
     e( 14 - 14) =     -6.01612  eV     1   --> A              
     e( 15 - 15) =     -5.94160  eV     1   --> A              
     e( 16 - 16) =     -5.88904  eV     1   --> A              
     e( 17 - 17) =     -5.88399  eV     1   --> A              
     e( 18 - 18) =     -3.27911  eV     1   --> A              
     e( 19 - 19) =     -2.18426  eV     1   --> A              
     e( 20 - 20) =     -2.08579  eV     1   --> A              
     e( 21 - 21) =      0.44568  eV     1   --> A              
     e( 22 - 22) =      0.53241  eV     1   --> A              
     e( 23 - 23) =      0.74719  eV     1   --> A              
     e( 24 - 24) =      2.05435  eV     1   --> A              
     e( 25 - 25) =      2.07410  eV     1   --> A              

 **************************************************************************

 **************************************************************************

                    xk=(   0.01667,   0.02887,   0.00000  )

     Band symmetry, C_1 (1)     point group:

     e(  1 -  1) =    -57.17815  eV     1   --> A              
     e(  2 -  2) =    -57.10889  eV     1   --> A              
     e(  3 -  3) =    -33.72621  eV     1   --> A              
     e(  4 -  4) =    -33.36172  eV     1   --> A              
     e(  5 -  5) =    -33.23719  eV     1   --> A              
     e(  6 -  6) =    -33.23617  eV     1   --> A              
     e(  7 -  7) =    -33.19072  eV     1   --> A              
     e(  8 -  8) =    -33.18759  eV     1   --> A              
     e(  9 -  9) =    -24.68651  eV     1   --> A              
     e( 10 - 10) =    -24.66338  eV     1   --> A              
     e( 11 - 11) =    -11.33107  eV     1   --> A              
     e( 12 - 12) =     -7.10111  eV     1   --> A              
     e( 13 - 13) =     -6.12262  eV     1   --> A              
     e( 14 - 14) =     -6.01596  eV     1   --> A              
     e( 15 - 15) =     -5.95412  eV     1   --> A              
     e( 16 - 16) =     -5.89616  eV     1   --> A              
     e( 17 - 17) =     -5.88106  eV     1   --> A              
     e( 18 - 18) =     -3.29789  eV     1   --> A              
     e( 19 - 19) =     -2.08978  eV     1   --> A              
     e( 20 - 20) =     -2.06378  eV     1   --> A              
     e( 21 - 21) =      0.47977  eV     1   --> A              
     e( 22 - 22) =      0.50576  eV     1   --> A              
     e( 23 - 23) =      0.71223  eV     1   --> A              
     e( 24 - 24) =      2.07788  eV     1   --> A              
     e( 25 - 25) =      2.08598  eV     1   --> A              

 **************************************************************************

 **************************************************************************

                    xk=(   0.00000,   0.00000,   0.00000  )

     Band symmetry, C_1 (1)     point group:

     e(  1 -  1) =    -57.17870  eV     1   --> A              
     e(  2 -  2) =    -57.10920  eV     1   --> A              
     e(  3 -  3) =    -33.72763  eV     1   --> A              
     e(  4 -  4) =    -33.36043  eV     1   --> A              
     e(  5 -  6) =    -33.23498  eV     2   -->   2 A              
     e(  7 -  8) =    -33.18725  eV     2   -->   2 A              
     e(  9 -  9) =    -24.68834  eV     1   --> A              
     e( 10 - 10) =    -24.66486  eV     1   --> A              
     e( 11 - 11) =    -11.33993  eV     1   --> A              
     e( 12 - 12) =     -7.11144  eV     1   --> A              
     e( 13 - 13) =     -6.05380  eV     1   --> A              
     e( 14 - 15) =     -6.01636  eV     2   -->   2 A              
     e( 16 - 17) =     -5.87952  eV     2   -->   2 A              
     e( 18 - 18) =     -3.30490  eV     1   --> A              
     e( 19 - 20) =     -2.05613  eV     2   -->   2 A              
     e( 21 - 22) =      0.49228  eV     2   -->   2 A              
     e( 23 - 23) =      0.70397  eV     1   --> A              
     e( 24 - 25) =      2.08982  eV     2   -->   2 A              

 **************************************************************************

     BANDS        :      6.09s CPU     11.08s WALL


   This run was terminated on:  14:39: 3  22Sep2026            

=------------------------------------------------------------------------------=
   JOB DONE.
=------------------------------------------------------------------------------=
