
     Program BANDS v.7.5 starts on 22Sep2026 at 15: 7:37 

     This program is part of the open-source Quantum ESPRESSO suite
     for quantum simulation of materials; please cite
         "P. Giannozzi et al., J. Phys.:Condens. Matter 21 395502 (2009);
         "P. Giannozzi et al., J. Phys.:Condens. Matter 29 465901 (2017);
         "P. Giannozzi et al., J. Chem. Phys. 152 154105 (2020);
          URL http://www.quantum-espresso.org", 
     in publications or presentations arising from this work. More details at
     http://www.quantum-espresso.org/quote

     Parallel version (MPI), running on     1 processors

     MPI processes distributed on     1 nodes
     6718 MiB available memory on the printing compute node when the environment starts


     Reading xml data from directory:

     ./tmp/ti2co2.save/
     file Ti.pbe-spn-kjpaw_psl.1.0.0.UPF: wavefunction(s)  3S 3P 3D renormalized
     file C.pbe-n-kjpaw_psl.1.0.0.UPF: wavefunction(s)  2S 2P renormalized
     file O.pbe-n-kjpaw_psl.1.0.0.UPF: wavefunction(s)  2S 2P renormalized

     IMPORTANT: XC functional enforced from input :
     Exchange-correlation= PBE
                           (   1   4   3   4   0   0   0)
     Any further DFT definition will be discarded
     Please, verify this is what you really want


     G-vector sticks info
     --------------------
     sticks:   dense  smooth     PW     G-vecs:    dense   smooth      PW
     Sum         733     361    121               111423    39451    6847

     Using Slab Decomposition


     Check: negative core charge=   -0.000005

     negative rho (up, down):  2.488E-03 0.000E+00
     Reading collected, re-writing distributed wavefunctions
     high-symmetry point:  0.0000 0.0000 0.0000   x coordinate   0.0000
     high-symmetry point: -0.3333 0.5774 0.0000   x coordinate   0.6667
     high-symmetry point:  0.3333 0.5774 0.0000   x coordinate   1.3333
     high-symmetry point:  0.0000 0.0000 0.0000   x coordinate   2.0000

     Plottable bands (eV) written to file ti2co2.bands.gnu
     Bands written to file ti2co2.bands

 **************************************************************************

                    xk=(   0.00000,   0.00000,   0.00000  )

     point group C_1 (1)    
     there are  1 classes
     the character table:

       E    
A      1.00

     the symmetry operations in each class and the name of the first element:

     E        1
                                                                 

     Band symmetry, C_1 (1)     point group:

     e(  1 -  1) =    -58.04645  eV     1   --> A              
     e(  2 -  2) =    -58.02101  eV     1   --> A              
     e(  3 -  3) =    -34.40058  eV     1   --> A              
     e(  4 -  4) =    -34.21033  eV     1   --> A              
     e(  5 -  6) =    -34.09392  eV     2   -->   2 A              
     e(  7 -  8) =    -34.07827  eV     2   -->   2 A              
     e(  9 -  9) =    -19.16963  eV     1   --> A              
     e( 10 - 10) =    -19.08892  eV     1   --> A              
     e( 11 - 11) =    -11.34104  eV     1   --> A              
     e( 12 - 12) =     -6.14554  eV     1   --> A              
     e( 13 - 14) =     -5.30888  eV     2   -->   2 A              
     e( 15 - 16) =     -4.95330  eV     2   -->   2 A              
     e( 17 - 17) =     -4.74323  eV     1   --> A              
     e( 18 - 18) =     -1.40923  eV     1   --> A              
     e( 19 - 20) =     -0.29236  eV     2   -->   2 A              
     e( 21 - 22) =      0.35524  eV     2   -->   2 A              
     e( 23 - 24) =      1.15909  eV     2   -->   2 A              

 **************************************************************************

 **************************************************************************

                    xk=(  -0.01667,   0.02887,   0.00000  )

     Band symmetry, C_1 (1)     point group:

     e(  1 -  1) =    -58.04593  eV     1   --> A              
     e(  2 -  2) =    -58.02060  eV     1   --> A              
     e(  3 -  3) =    -34.39944  eV     1   --> A              
     e(  4 -  4) =    -34.21070  eV     1   --> A              
     e(  5 -  5) =    -34.09718  eV     1   --> A              
     e(  6 -  6) =    -34.09496  eV     1   --> A              
     e(  7 -  7) =    -34.08224  eV     1   --> A              
     e(  8 -  8) =    -34.07893  eV     1   --> A              
     e(  9 -  9) =    -19.16443  eV     1   --> A              
     e( 10 - 10) =    -19.08480  eV     1   --> A              
     e( 11 - 11) =    -11.33692  eV     1   --> A              
     e( 12 - 12) =     -6.13608  eV     1   --> A              
     e( 13 - 13) =     -5.32430  eV     1   --> A              
     e( 14 - 14) =     -5.30250  eV     1   --> A              
     e( 15 - 15) =     -4.97224  eV     1   --> A              
     e( 16 - 16) =     -4.94905  eV     1   --> A              
     e( 17 - 17) =     -4.71835  eV     1   --> A              
     e( 18 - 18) =     -1.39082  eV     1   --> A              
     e( 19 - 19) =     -0.42624  eV     1   --> A              
     e( 20 - 20) =     -0.38401  eV     1   --> A              
     e( 21 - 21) =      0.43794  eV     1   --> A              
     e( 22 - 22) =      0.43814  eV     1   --> A              
     e( 23 - 23) =      1.08793  eV     1   --> A              
     e( 24 - 24) =      1.15960  eV     1   --> A              

 **************************************************************************

 **************************************************************************

                    xk=(  -0.03333,   0.05774,   0.00000  )

     Band symmetry, C_1 (1)     point group:

     e(  1 -  1) =    -58.04441  eV     1   --> A              
     e(  2 -  2) =    -58.01933  eV     1   --> A              
     e(  3 -  3) =    -34.39603  eV     1   --> A              
     e(  4 -  4) =    -34.21211  eV     1   --> A              
     e(  5 -  5) =    -34.10631  eV     1   --> A              
     e(  6 -  6) =    -34.09930  eV     1   --> A              
     e(  7 -  7) =    -34.09273  eV     1   --> A              
     e(  8 -  8) =    -34.08101  eV     1   --> A              
     e(  9 -  9) =    -19.14912  eV     1   --> A              
     e( 10 - 10) =    -19.07263  eV     1   --> A              
     e( 11 - 11) =    -11.32433  eV     1   --> A              
     e( 12 - 12) =     -6.10810  eV     1   --> A              
     e( 13 - 13) =     -5.36076  eV     1   --> A              
     e( 14 - 14) =     -5.28291  eV     1   --> A              
     e( 15 - 15) =     -5.02760  eV     1   --> A              
     e( 16 - 16) =     -4.93817  eV     1   --> A              
     e( 17 - 17) =     -4.65264  eV     1   --> A              
     e( 18 - 18) =     -1.34262  eV     1   --> A              
     e( 19 - 19) =     -0.71272  eV     1   --> A              
     e( 20 - 20) =     -0.58348  eV     1   --> A              
     e( 21 - 21) =      0.55904  eV     1   --> A              
     e( 22 - 22) =      0.60516  eV     1   --> A              
     e( 23 - 23) =      1.04321  eV     1   --> A              
     e( 24 - 24) =      1.16896  eV     1   --> A              

 **************************************************************************

 **************************************************************************

                    xk=(  -0.05000,   0.08660,   0.00000  )

     Band symmetry, C_1 (1)     point group:

     e(  1 -  1) =    -58.04187  eV     1   --> A              
     e(  2 -  2) =    -58.01725  eV     1   --> A              
     e(  3 -  3) =    -34.39046  eV     1   --> A              
     e(  4 -  4) =    -34.21553  eV     1   --> A              
     e(  5 -  5) =    -34.11974  eV     1   --> A              
     e(  6 -  6) =    -34.11590  eV     1   --> A              
     e(  7 -  7) =    -34.10019  eV     1   --> A              
     e(  8 -  8) =    -34.08469  eV     1   --> A              
     e(  9 -  9) =    -19.12446  eV     1   --> A              
     e( 10 - 10) =    -19.05297  eV     1   --> A              
     e( 11 - 11) =    -11.30269  eV     1   --> A              
     e( 12 - 12) =     -6.06363  eV     1   --> A              
     e( 13 - 13) =     -5.40440  eV     1   --> A              
     e( 14 - 14) =     -5.25692  eV     1   --> A              
     e( 15 - 15) =     -5.09965  eV     1   --> A              
     e( 16 - 16) =     -4.92100  eV     1   --> A              
     e( 17 - 17) =     -4.56020  eV     1   --> A              
     e( 18 - 18) =     -1.28477  eV     1   --> A              
     e( 19 - 19) =     -1.05591  eV     1   --> A              
     e( 20 - 20) =     -0.81749  eV     1   --> A              
     e( 21 - 21) =      0.59614  eV     1   --> A              
     e( 22 - 22) =      0.77895  eV     1   --> A              
     e( 23 - 23) =      1.08810  eV     1   --> A              
     e( 24 - 24) =      1.20052  eV     1   --> A              

 **************************************************************************

 **************************************************************************

                    xk=(  -0.06667,   0.11547,   0.00000  )

     Band symmetry, C_1 (1)     point group:

     e(  1 -  1) =    -58.03844  eV     1   --> A              
     e(  2 -  2) =    -58.01444  eV     1   --> A              
     e(  3 -  3) =    -34.38283  eV     1   --> A              
     e(  4 -  4) =    -34.22297  eV     1   --> A              
     e(  5 -  5) =    -34.14199  eV     1   --> A              
     e(  6 -  6) =    -34.13469  eV     1   --> A              
     e(  7 -  7) =    -34.10658  eV     1   --> A              
     e(  8 -  8) =    -34.09000  eV     1   --> A              
     e(  9 -  9) =    -19.09168  eV     1   --> A              
     e( 10 - 10) =    -19.02673  eV     1   --> A              
     e( 11 - 11) =    -11.27101  eV     1   --> A              
     e( 12 - 12) =     -6.00685  eV     1   --> A              
     e( 13 - 13) =     -5.44478  eV     1   --> A              
     e( 14 - 14) =     -5.26123  eV     1   --> A              
     e( 15 - 15) =     -5.13973  eV     1   --> A              
     e( 16 - 16) =     -4.90000  eV     1   --> A              
     e( 17 - 17) =     -4.45431  eV     1   --> A              
     e( 18 - 18) =     -1.42218  eV     1   --> A              
     e( 19 - 19) =     -1.25121  eV     1   --> A              
     e( 20 - 20) =     -1.05034  eV     1   --> A              
     e( 21 - 21) =      0.55977  eV     1   --> A              
     e( 22 - 22) =      0.91242  eV     1   --> A              
     e( 23 - 23) =      1.19785  eV     1   --> A              
     e( 24 - 24) =      1.28376  eV     1   --> A              

 **************************************************************************

 **************************************************************************

                    xk=(  -0.08333,   0.14434,   0.00000  )

     Band symmetry, C_1 (1)     point group:

     e(  1 -  1) =    -58.03422  eV     1   --> A              
     e(  2 -  2) =    -58.01100  eV     1   --> A              
     e(  3 -  3) =    -34.37337  eV     1   --> A              
     e(  4 -  4) =    -34.23730  eV     1   --> A              
     e(  5 -  5) =    -34.17385  eV     1   --> A              
     e(  6 -  6) =    -34.14743  eV     1   --> A              
     e(  7 -  7) =    -34.11449  eV     1   --> A              
     e(  8 -  8) =    -34.09693  eV     1   --> A              
     e(  9 -  9) =    -19.05238  eV     1   --> A              
     e( 10 - 10) =    -18.99506  eV     1   --> A              
     e( 11 - 11) =    -11.22815  eV     1   --> A              
     e( 12 - 12) =     -5.94613  eV     1   --> A              
     e( 13 - 13) =     -5.47748  eV     1   --> A              
     e( 14 - 14) =     -5.32508  eV     1   --> A              
     e( 15 - 15) =     -5.10227  eV     1   --> A              
     e( 16 - 16) =     -4.87680  eV     1   --> A              
     e( 17 - 17) =     -4.34679  eV     1   --> A              
     e( 18 - 18) =     -1.79484  eV     1   --> A              
     e( 19 - 19) =     -1.35714  eV     1   --> A              
     e( 20 - 20) =     -1.18134  eV     1   --> A              
     e( 21 - 21) =      0.50640  eV     1   --> A              
     e( 22 - 22) =      0.99958  eV     1   --> A              
     e( 23 - 23) =      1.31282  eV     1   --> A              
     e( 24 - 24) =      1.41417  eV     1   --> A              

 **************************************************************************

 **************************************************************************

                    xk=(  -0.10000,   0.17321,   0.00000  )

     Band symmetry, C_1 (1)     point group:

     e(  1 -  1) =    -58.02931  eV     1   --> A              
     e(  2 -  2) =    -58.00705  eV     1   --> A              
     e(  3 -  3) =    -34.36235  eV     1   --> A              
     e(  4 -  4) =    -34.25989  eV     1   --> A              
     e(  5 -  5) =    -34.20990  eV     1   --> A              
     e(  6 -  6) =    -34.15552  eV     1   --> A              
     e(  7 -  7) =    -34.12414  eV     1   --> A              
     e(  8 -  8) =    -34.10539  eV     1   --> A              
     e(  9 -  9) =    -19.00834  eV     1   --> A              
     e( 10 - 10) =    -18.95929  eV     1   --> A              
     e( 11 - 11) =    -11.17288  eV     1   --> A              
     e( 12 - 12) =     -5.89306  eV     1   --> A              
     e( 13 - 13) =     -5.50089  eV     1   --> A              
     e( 14 - 14) =     -5.38337  eV     1   --> A              
     e( 15 - 15) =     -5.03632  eV     1   --> A              
     e( 16 - 16) =     -4.85246  eV     1   --> A              
     e( 17 - 17) =     -4.24695  eV     1   --> A              
     e( 18 - 18) =     -2.15849  eV     1   --> A              
     e( 19 - 19) =     -1.58362  eV     1   --> A              
     e( 20 - 20) =     -1.23733  eV     1   --> A              
     e( 21 - 21) =      0.46295  eV     1   --> A              
     e( 22 - 22) =      1.07178  eV     1   --> A              
     e( 23 - 23) =      1.41296  eV     1   --> A              
     e( 24 - 24) =      1.55503  eV     1   --> A              

 **************************************************************************

 **************************************************************************

                    xk=(  -0.11667,   0.20207,   0.00000  )

     Band symmetry, C_1 (1)     point group:

     e(  1 -  1) =    -58.02387  eV     1   --> A              
     e(  2 -  2) =    -58.00270  eV     1   --> A              
     e(  3 -  3) =    -34.35011  eV     1   --> A              
     e(  4 -  4) =    -34.28902  eV     1   --> A              
     e(  5 -  5) =    -34.24846  eV     1   --> A              
     e(  6 -  6) =    -34.15957  eV     1   --> A              
     e(  7 -  7) =    -34.13561  eV     1   --> A              
     e(  8 -  8) =    -34.11526  eV     1   --> A              
     e(  9 -  9) =    -18.96146  eV     1   --> A              
     e( 10 - 10) =    -18.92082  eV     1   --> A              
     e( 11 - 11) =    -11.10416  eV     1   --> A              
     e( 12 - 12) =     -5.86255  eV     1   --> A              
     e( 13 - 13) =     -5.51470  eV     1   --> A              
     e( 14 - 14) =     -5.40212  eV     1   --> A              
     e( 15 - 15) =     -4.95992  eV     1   --> A              
     e( 16 - 16) =     -4.82967  eV     1   --> A              
     e( 17 - 17) =     -4.16667  eV     1   --> A              
     e( 18 - 18) =     -2.49564  eV     1   --> A              
     e( 19 - 19) =     -1.81250  eV     1   --> A              
     e( 20 - 20) =     -1.33283  eV     1   --> A              
     e( 21 - 21) =      0.43779  eV     1   --> A              
     e( 22 - 22) =      1.14737  eV     1   --> A              
     e( 23 - 23) =      1.49102  eV     1   --> A              
     e( 24 - 24) =      1.67730  eV     1   --> A              

 **************************************************************************

 **************************************************************************

                    xk=(  -0.13333,   0.23094,   0.00000  )

     Band symmetry, C_1 (1)     point group:

     e(  1 -  1) =    -58.01808  eV     1   --> A              
     e(  2 -  2) =    -57.99817  eV     1   --> A              
     e(  3 -  3) =    -34.33744  eV     1   --> A              
     e(  4 -  4) =    -34.32170  eV     1   --> A              
     e(  5 -  5) =    -34.28748  eV     1   --> A              
     e(  6 -  6) =    -34.16168  eV     1   --> A              
     e(  7 -  7) =    -34.14895  eV     1   --> A              
     e(  8 -  8) =    -34.12623  eV     1   --> A              
     e(  9 -  9) =    -18.91360  eV     1   --> A              
     e( 10 - 10) =    -18.88107  eV     1   --> A              
     e( 11 - 11) =    -11.02132  eV     1   --> A              
     e( 12 - 12) =     -5.86001  eV     1   --> A              
     e( 13 - 13) =     -5.52227  eV     1   --> A              
     e( 14 - 14) =     -5.37471  eV     1   --> A              
     e( 15 - 15) =     -4.88007  eV     1   --> A              
     e( 16 - 16) =     -4.81316  eV     1   --> A              
     e( 17 - 17) =     -4.12216  eV     1   --> A              
     e( 18 - 18) =     -2.78459  eV     1   --> A              
     e( 19 - 19) =     -2.03012  eV     1   --> A              
     e( 20 - 20) =     -1.47108  eV     1   --> A              
     e( 21 - 21) =      0.43356  eV     1   --> A              
     e( 22 - 22) =      1.22152  eV     1   --> A              
     e( 23 - 23) =      1.54301  eV     1   --> A              
     e( 24 - 24) =      1.77049  eV     1   --> A              

 **************************************************************************

 **************************************************************************

                    xk=(  -0.15000,   0.25981,   0.00000  )

     Band symmetry, C_1 (1)     point group:

     e(  1 -  1) =    -58.01204  eV     1   --> A              
     e(  2 -  2) =    -57.99351  eV     1   --> A              
     e(  3 -  3) =    -34.35518  eV     1   --> A              
     e(  4 -  4) =    -34.33492  eV     1   --> A              
     e(  5 -  5) =    -34.31502  eV     1   --> A              
     e(  6 -  7) =    -34.16416  eV     2   -->   2 A              
     e(  8 -  8) =    -34.13729  eV     1   --> A              
     e(  9 -  9) =    -18.86641  eV     1   --> A              
     e( 10 - 10) =    -18.84131  eV     1   --> A              
     e( 11 - 11) =    -10.92424  eV     1   --> A              
     e( 12 - 12) =     -5.86944  eV     1   --> A              
     e( 13 - 13) =     -5.52504  eV     1   --> A              
     e( 14 - 14) =     -5.31477  eV     1   --> A              
     e( 15 - 15) =     -4.80686  eV     1   --> A              
     e( 16 - 16) =     -4.79981  eV     1   --> A              
     e( 17 - 17) =     -4.13012  eV     1   --> A              
     e( 18 - 18) =     -2.99602  eV     1   --> A              
     e( 19 - 19) =     -2.23015  eV     1   --> A              
     e( 20 - 20) =     -1.63940  eV     1   --> A              
     e( 21 - 21) =      0.45233  eV     1   --> A              
     e( 22 - 22) =      1.29089  eV     1   --> A              
     e( 23 - 23) =      1.57277  eV     1   --> A              
     e( 24 - 24) =      1.84201  eV     1   --> A              

 **************************************************************************

 **************************************************************************

                    xk=(  -0.16667,   0.28868,   0.00000  )

     Band symmetry, C_1 (1)     point group:

     e(  1 -  1) =    -58.00595  eV     1   --> A              
     e(  2 -  2) =    -57.98890  eV     1   --> A              
     e(  3 -  3) =    -34.38746  eV     1   --> A              
     e(  4 -  4) =    -34.36743  eV     1   --> A              
     e(  5 -  5) =    -34.30506  eV     1   --> A              
     e(  6 -  6) =    -34.18117  eV     1   --> A              
     e(  7 -  7) =    -34.17025  eV     1   --> A              
     e(  8 -  8) =    -34.14590  eV     1   --> A              
     e(  9 -  9) =    -18.82131  eV     1   --> A              
     e( 10 - 10) =    -18.80270  eV     1   --> A              
     e( 11 - 11) =    -10.81376  eV     1   --> A              
     e( 12 - 12) =     -5.87582  eV     1   --> A              
     e( 13 - 13) =     -5.52871  eV     1   --> A              
     e( 14 - 14) =     -5.24157  eV     1   --> A              
     e( 15 - 15) =     -4.82327  eV     1   --> A              
     e( 16 - 16) =     -4.72480  eV     1   --> A              
     e( 17 - 17) =     -4.19355  eV     1   --> A              
     e( 18 - 18) =     -3.11307  eV     1   --> A              
     e( 19 - 19) =     -2.41004  eV     1   --> A              
     e( 20 - 20) =     -1.82633  eV     1   --> A              
     e( 21 - 21) =      0.49001  eV     1   --> A              
     e( 22 - 22) =      1.34771  eV     1   --> A              
     e( 23 - 23) =      1.57976  eV     1   --> A              
     e( 24 - 24) =      1.89846  eV     1   --> A              

 **************************************************************************

 **************************************************************************

                    xk=(  -0.18333,   0.31754,   0.00000  )

     Band symmetry, C_1 (1)     point group:

     e(  1 -  1) =    -57.99997  eV     1   --> A              
     e(  2 -  2) =    -57.98451  eV     1   --> A              
     e(  3 -  3) =    -34.41692  eV     1   --> A              
     e(  4 -  4) =    -34.40081  eV     1   --> A              
     e(  5 -  5) =    -34.29073  eV     1   --> A              
     e(  6 -  6) =    -34.19992  eV     1   --> A              
     e(  7 -  7) =    -34.18242  eV     1   --> A              
     e(  8 -  8) =    -34.15015  eV     1   --> A              
     e(  9 -  9) =    -18.77943  eV     1   --> A              
     e( 10 - 10) =    -18.76622  eV     1   --> A              
     e( 11 - 11) =    -10.69190  eV     1   --> A              
     e( 12 - 12) =     -5.87025  eV     1   --> A              
     e( 13 - 13) =     -5.53781  eV     1   --> A              
     e( 14 - 14) =     -5.16620  eV     1   --> A              
     e( 15 - 15) =     -4.87480  eV     1   --> A              
     e( 16 - 16) =     -4.66143  eV     1   --> A              
     e( 17 - 17) =     -4.27721  eV     1   --> A              
     e( 18 - 18) =     -3.15104  eV     1   --> A              
     e( 19 - 19) =     -2.56941  eV     1   --> A              
     e( 20 - 20) =     -2.02218  eV     1   --> A              
     e( 21 - 21) =      0.53849  eV     1   --> A              
     e( 22 - 22) =      1.38767  eV     1   --> A              
     e( 23 - 23) =      1.56980  eV     1   --> A              
     e( 24 - 24) =      1.94079  eV     1   --> A              

 **************************************************************************

 **************************************************************************

                    xk=(  -0.20000,   0.34641,   0.00000  )

     Band symmetry, C_1 (1)     point group:

     e(  1 -  1) =    -57.99424  eV     1   --> A              
     e(  2 -  2) =    -57.98046  eV     1   --> A              
     e(  3 -  3) =    -34.44221  eV     1   --> A              
     e(  4 -  4) =    -34.42995  eV     1   --> A              
     e(  5 -  5) =    -34.27633  eV     1   --> A              
     e(  6 -  6) =    -34.22021  eV     1   --> A              
     e(  7 -  7) =    -34.19872  eV     1   --> A              
     e(  8 -  8) =    -34.15215  eV     1   --> A              
     e(  9 -  9) =    -18.74155  eV     1   --> A              
     e( 10 - 10) =    -18.73260  eV     1   --> A              
     e( 11 - 11) =    -10.56191  eV     1   --> A              
     e( 12 - 12) =     -5.85136  eV     1   --> A              
     e( 13 - 13) =     -5.55798  eV     1   --> A              
     e( 14 - 14) =     -5.09173  eV     1   --> A              
     e( 15 - 15) =     -4.96679  eV     1   --> A              
     e( 16 - 16) =     -4.61377  eV     1   --> A              
     e( 17 - 17) =     -4.33543  eV     1   --> A              
     e( 18 - 18) =     -3.14436  eV     1   --> A              
     e( 19 - 19) =     -2.70802  eV     1   --> A              
     e( 20 - 20) =     -2.21878  eV     1   --> A              
     e( 21 - 21) =      0.59074  eV     1   --> A              
     e( 22 - 22) =      1.41200  eV     1   --> A              
     e( 23 - 23) =      1.55268  eV     1   --> A              
     e( 24 - 24) =      1.96223  eV     1   --> A              

 **************************************************************************

 **************************************************************************

                    xk=(  -0.21667,   0.37528,   0.00000  )

     Band symmetry, C_1 (1)     point group:

     e(  1 -  1) =    -57.98889  eV     1   --> A              
     e(  2 -  2) =    -57.97683  eV     1   --> A              
     e(  3 -  3) =    -34.46236  eV     1   --> A              
     e(  4 -  4) =    -34.45363  eV     1   --> A              
     e(  5 -  5) =    -34.26324  eV     1   --> A              
     e(  6 -  6) =    -34.24100  eV     1   --> A              
     e(  7 -  7) =    -34.21726  eV     1   --> A              
     e(  8 -  8) =    -34.15384  eV     1   --> A              
     e(  9 -  9) =    -18.70815  eV     1   --> A              
     e( 10 - 10) =    -18.70244  eV     1   --> A              
     e( 11 - 11) =    -10.42837  eV     1   --> A              
     e( 12 - 12) =     -5.82159  eV     1   --> A              
     e( 13 - 13) =     -5.59398  eV     1   --> A              
     e( 14 - 14) =     -5.07518  eV     1   --> A              
     e( 15 - 15) =     -5.01696  eV     1   --> A              
     e( 16 - 16) =     -4.58788  eV     1   --> A              
     e( 17 - 17) =     -4.35806  eV     1   --> A              
     e( 18 - 18) =     -3.11958  eV     1   --> A              
     e( 19 - 19) =     -2.82862  eV     1   --> A              
     e( 20 - 20) =     -2.41002  eV     1   --> A              
     e( 21 - 21) =      0.64035  eV     1   --> A              
     e( 22 - 22) =      1.42200  eV     1   --> A              
     e( 23 - 23) =      1.53636  eV     1   --> A              
     e( 24 - 24) =      1.96041  eV     1   --> A              

 **************************************************************************

 **************************************************************************

                    xk=(  -0.23333,   0.40415,   0.00000  )

     Band symmetry, C_1 (1)     point group:

     e(  1 -  1) =    -57.98403  eV     1   --> A              
     e(  2 -  2) =    -57.97374  eV     1   --> A              
     e(  3 -  3) =    -34.47670  eV     1   --> A              
     e(  4 -  4) =    -34.47108  eV     1   --> A              
     e(  5 -  5) =    -34.26861  eV     1   --> A              
     e(  6 -  6) =    -34.24526  eV     1   --> A              
     e(  7 -  7) =    -34.23716  eV     1   --> A              
     e(  8 -  8) =    -34.15597  eV     1   --> A              
     e(  9 -  9) =    -18.67951  eV     1   --> A              
     e( 10 - 10) =    -18.67613  eV     1   --> A              
     e( 11 - 11) =    -10.29737  eV     1   --> A              
     e( 12 - 12) =     -5.78583  eV     1   --> A              
     e( 13 - 13) =     -5.64258  eV     1   --> A              
     e( 14 - 14) =     -5.17124  eV     1   --> A              
     e( 15 - 15) =     -4.93737  eV     1   --> A              
     e( 16 - 16) =     -4.58685  eV     1   --> A              
     e( 17 - 17) =     -4.35777  eV     1   --> A              
     e( 18 - 18) =     -3.09185  eV     1   --> A              
     e( 19 - 19) =     -2.93649  eV     1   --> A              
     e( 20 - 20) =     -2.58922  eV     1   --> A              
     e( 21 - 21) =      0.68291  eV     1   --> A              
     e( 22 - 22) =      1.41383  eV     1   --> A              
     e( 23 - 23) =      1.51858  eV     1   --> A              
     e( 24 - 24) =      1.95358  eV     1   --> A              

 **************************************************************************

 **************************************************************************

                    xk=(  -0.25000,   0.43301,   0.00000  )

     Band symmetry, C_1 (1)     point group:

     e(  1 -  1) =    -57.97975  eV     1   --> A              
     e(  2 -  2) =    -57.97126  eV     1   --> A              
     e(  3 -  3) =    -34.48490  eV     1   --> A              
     e(  4 -  4) =    -34.48189  eV     1   --> A              
     e(  5 -  5) =    -34.29186  eV     1   --> A              
     e(  6 -  6) =    -34.25781  eV     1   --> A              
     e(  7 -  7) =    -34.23347  eV     1   --> A              
     e(  8 -  8) =    -34.15886  eV     1   --> A              
     e(  9 -  9) =    -18.65572  eV     1   --> A              
     e( 10 - 10) =    -18.65391  eV     1   --> A              
     e( 11 - 11) =    -10.17566  eV     1   --> A              
     e( 12 - 12) =     -5.74966  eV     1   --> A              
     e( 13 - 13) =     -5.69128  eV     1   --> A              
     e( 14 - 14) =     -5.24386  eV     1   --> A              
     e( 15 - 15) =     -4.85199  eV     1   --> A              
     e( 16 - 16) =     -4.61081  eV     1   --> A              
     e( 17 - 17) =     -4.34870  eV     1   --> A              
     e( 18 - 18) =     -3.06918  eV     1   --> A              
     e( 19 - 19) =     -3.04139  eV     1   --> A              
     e( 20 - 20) =     -2.74639  eV     1   --> A              
     e( 21 - 21) =      0.72067  eV     1   --> A              
     e( 22 - 22) =      1.38807  eV     1   --> A              
     e( 23 - 23) =      1.49576  eV     1   --> A              
     e( 24 - 24) =      1.96356  eV     1   --> A              

 **************************************************************************

 **************************************************************************

                    xk=(  -0.26667,   0.46188,   0.00000  )

     Band symmetry, C_1 (1)     point group:

     e(  1 -  1) =    -57.97612  eV     1   --> A              
     e(  2 -  2) =    -57.96939  eV     1   --> A              
     e(  3 -  3) =    -34.48709  eV     1   --> A              
     e(  4 -  4) =    -34.48600  eV     1   --> A              
     e(  5 -  5) =    -34.31672  eV     1   --> A              
     e(  6 -  6) =    -34.27860  eV     1   --> A              
     e(  7 -  7) =    -34.22168  eV     1   --> A              
     e(  8 -  8) =    -34.16262  eV     1   --> A              
     e(  9 -  9) =    -18.63669  eV     1   --> A              
     e( 10 - 10) =    -18.63589  eV     1   --> A              
     e( 11 - 11) =    -10.07022  eV     1   --> A              
     e( 12 - 12) =     -5.72147  eV     1   --> A              
     e( 13 - 13) =     -5.71604  eV     1   --> A              
     e( 14 - 14) =     -5.29502  eV     1   --> A              
     e( 15 - 15) =     -4.78212  eV     1   --> A              
     e( 16 - 16) =     -4.63631  eV     1   --> A              
     e( 17 - 17) =     -4.33877  eV     1   --> A              
     e( 18 - 18) =     -3.15230  eV     1   --> A              
     e( 19 - 19) =     -3.05577  eV     1   --> A              
     e( 20 - 20) =     -2.87006  eV     1   --> A              
     e( 21 - 21) =      0.75539  eV     1   --> A              
     e( 22 - 22) =      1.35126  eV     1   --> A              
     e( 23 - 23) =      1.46129  eV     1   --> A              
     e( 24 - 24) =      1.99074  eV     1   --> A              

 **************************************************************************

 **************************************************************************

                    xk=(  -0.28333,   0.49075,   0.00000  )

     Band symmetry, C_1 (1)     point group:

     e(  1 -  1) =    -57.97316  eV     1   --> A              
     e(  2 -  2) =    -57.96821  eV     1   --> A              
     e(  3 -  3) =    -34.48397  eV     1   --> A              
     e(  4 -  4) =    -34.48379  eV     1   --> A              
     e(  5 -  5) =    -34.34179  eV     1   --> A              
     e(  6 -  6) =    -34.29866  eV     1   --> A              
     e(  7 -  7) =    -34.21084  eV     1   --> A              
     e(  8 -  8) =    -34.16723  eV     1   --> A              
     e(  9 -  9) =    -18.62239  eV     1   --> A              
     e( 10 - 10) =    -18.62207  eV     1   --> A              
     e( 11 - 11) =     -9.98698  eV     1   --> A              
     e( 12 - 12) =     -5.72025  eV     1   --> A              
     e( 13 - 13) =     -5.68635  eV     1   --> A              
     e( 14 - 14) =     -5.32870  eV     1   --> A              
     e( 15 - 15) =     -4.81632  eV     1   --> A              
     e( 16 - 16) =     -4.58010  eV     1   --> A              
     e( 17 - 17) =     -4.33261  eV     1   --> A              
     e( 18 - 18) =     -3.26420  eV     1   --> A              
     e( 19 - 19) =     -3.05366  eV     1   --> A              
     e( 20 - 20) =     -2.96205  eV     1   --> A              
     e( 21 - 21) =      0.78929  eV     1   --> A              
     e( 22 - 22) =      1.31368  eV     1   --> A              
     e( 23 - 23) =      1.41019  eV     1   --> A              
     e( 24 - 24) =      2.02541  eV     1   --> A              

 **************************************************************************

 **************************************************************************

                    xk=(  -0.30000,   0.51962,   0.00000  )

     Band symmetry, C_1 (1)     point group:

     e(  1 -  1) =    -57.97089  eV     1   --> A              
     e(  2 -  2) =    -57.96766  eV     1   --> A              
     e(  3 -  3) =    -34.47684  eV     1   --> A              
     e(  4 -  4) =    -34.47649  eV     1   --> A              
     e(  5 -  5) =    -34.36582  eV     1   --> A              
     e(  6 -  6) =    -34.31661  eV     1   --> A              
     e(  7 -  7) =    -34.20114  eV     1   --> A              
     e(  8 -  8) =    -34.17265  eV     1   --> A              
     e(  9 -  9) =    -18.61267  eV     1   --> A              
     e( 10 - 10) =    -18.61233  eV     1   --> A              
     e( 11 - 11) =     -9.92925  eV     1   --> A              
     e( 12 - 12) =     -5.68916  eV     1   --> A              
     e( 13 - 13) =     -5.65956  eV     1   --> A              
     e( 14 - 14) =     -5.33861  eV     1   --> A              
     e( 15 - 15) =     -4.92463  eV     1   --> A              
     e( 16 - 16) =     -4.48194  eV     1   --> A              
     e( 17 - 17) =     -4.33348  eV     1   --> A              
     e( 18 - 18) =     -3.35383  eV     1   --> A              
     e( 19 - 19) =     -3.06222  eV     1   --> A              
     e( 20 - 20) =     -3.03138  eV     1   --> A              
     e( 21 - 21) =      0.82237  eV     1   --> A              
     e( 22 - 22) =      1.28848  eV     1   --> A              
     e( 23 - 23) =      1.35194  eV     1   --> A              
     e( 24 - 24) =      2.05551  eV     1   --> A              

 **************************************************************************

 **************************************************************************

                    xk=(  -0.31667,   0.54848,   0.00000  )

     Band symmetry, C_1 (1)     point group:

     e(  1 -  1) =    -57.96924  eV     1   --> A              
     e(  2 -  2) =    -57.96767  eV     1   --> A              
     e(  3 -  3) =    -34.46840  eV     1   --> A              
     e(  4 -  4) =    -34.46690  eV     1   --> A              
     e(  5 -  5) =    -34.38606  eV     1   --> A              
     e(  6 -  6) =    -34.33007  eV     1   --> A              
     e(  7 -  7) =    -34.19262  eV     1   --> A              
     e(  8 -  8) =    -34.17873  eV     1   --> A              
     e(  9 -  9) =    -18.60703  eV     1   --> A              
     e( 10 - 10) =    -18.60668  eV     1   --> A              
     e( 11 - 11) =     -9.89691  eV     1   --> A              
     e( 12 - 12) =     -5.65066  eV     1   --> A              
     e( 13 - 13) =     -5.63480  eV     1   --> A              
     e( 14 - 14) =     -5.30422  eV     1   --> A              
     e( 15 - 15) =     -5.06163  eV     1   --> A              
     e( 16 - 16) =     -4.40054  eV     1   --> A              
     e( 17 - 17) =     -4.34195  eV     1   --> A              
     e( 18 - 18) =     -3.39883  eV     1   --> A              
     e( 19 - 19) =     -3.08116  eV     1   --> A              
     e( 20 - 20) =     -3.07811  eV     1   --> A              
     e( 21 - 21) =      0.85098  eV     1   --> A              
     e( 22 - 22) =      1.27618  eV     1   --> A              
     e( 23 - 23) =      1.30253  eV     1   --> A              
     e( 24 - 24) =      2.07802  eV     1   --> A              

 **************************************************************************

 **************************************************************************

                    xk=(  -0.33333,   0.57735,   0.00000  )

     Band symmetry, C_1 (1)     point group:

     e(  1 -  1) =    -57.96830  eV     1   --> A              
     e(  2 -  2) =    -57.96812  eV     1   --> A              
     e(  3 -  3) =    -34.46293  eV     1   --> A              
     e(  4 -  4) =    -34.46280  eV     1   --> A              
     e(  5 -  5) =    -34.39525  eV     1   --> A              
     e(  6 -  6) =    -34.33544  eV     1   --> A              
     e(  7 -  7) =    -34.18537  eV     1   --> A              
     e(  8 -  8) =    -34.18521  eV     1   --> A              
     e(  9 -  9) =    -18.60520  eV     1   --> A              
     e( 10 - 10) =    -18.60491  eV     1   --> A              
     e( 11 - 11) =     -9.88718  eV     1   --> A              
     e( 12 - 12) =     -5.63553  eV     1   --> A              
     e( 13 - 13) =     -5.62162  eV     1   --> A              
     e( 14 - 14) =     -5.20371  eV     1   --> A              
     e( 15 - 15) =     -5.20359  eV     1   --> A              
     e( 16 - 16) =     -4.35874  eV     1   --> A              
     e( 17 - 17) =     -4.35860  eV     1   --> A              
     e( 18 - 18) =     -3.40507  eV     1   --> A              
     e( 19 - 19) =     -3.09578  eV     1   --> A              
     e( 20 - 20) =     -3.09565  eV     1   --> A              
     e( 21 - 21) =      0.86268  eV     1   --> A              
     e( 22 - 22) =      1.27652  eV     1   --> A              
     e( 23 - 23) =      1.27664  eV     1   --> A              
     e( 24 - 24) =      2.08429  eV     1   --> A              

 **************************************************************************

 **************************************************************************

                    xk=(  -0.30000,   0.57735,   0.00000  )

     Band symmetry, C_1 (1)     point group:

     e(  1 -  1) =    -57.96916  eV     1   --> A              
     e(  2 -  2) =    -57.96768  eV     1   --> A              
     e(  3 -  3) =    -34.47259  eV     1   --> A              
     e(  4 -  4) =    -34.46413  eV     1   --> A              
     e(  5 -  5) =    -34.38575  eV     1   --> A              
     e(  6 -  6) =    -34.32949  eV     1   --> A              
     e(  7 -  7) =    -34.19214  eV     1   --> A              
     e(  8 -  8) =    -34.17912  eV     1   --> A              
     e(  9 -  9) =    -18.60695  eV     1   --> A              
     e( 10 - 10) =    -18.60645  eV     1   --> A              
     e( 11 - 11) =     -9.89509  eV     1   --> A              
     e( 12 - 12) =     -5.65225  eV     1   --> A              
     e( 13 - 13) =     -5.64636  eV     1   --> A              
     e( 14 - 14) =     -5.30566  eV     1   --> A              
     e( 15 - 15) =     -5.04896  eV     1   --> A              
     e( 16 - 16) =     -4.38232  eV     1   --> A              
     e( 17 - 17) =     -4.35545  eV     1   --> A              
     e( 18 - 18) =     -3.41675  eV     1   --> A              
     e( 19 - 19) =     -3.10462  eV     1   --> A              
     e( 20 - 20) =     -3.03901  eV     1   --> A              
     e( 21 - 21) =      0.84970  eV     1   --> A              
     e( 22 - 22) =      1.28837  eV     1   --> A              
     e( 23 - 23) =      1.29080  eV     1   --> A              
     e( 24 - 24) =      2.07893  eV     1   --> A              

 **************************************************************************

 **************************************************************************

                    xk=(  -0.26667,   0.57735,   0.00000  )

     Band symmetry, C_1 (1)     point group:

     e(  1 -  1) =    -57.97046  eV     1   --> A              
     e(  2 -  2) =    -57.96760  eV     1   --> A              
     e(  3 -  3) =    -34.49060  eV     1   --> A              
     e(  4 -  4) =    -34.47237  eV     1   --> A              
     e(  5 -  5) =    -34.36388  eV     1   --> A              
     e(  6 -  6) =    -34.31300  eV     1   --> A              
     e(  7 -  7) =    -34.19899  eV     1   --> A              
     e(  8 -  8) =    -34.17407  eV     1   --> A              
     e(  9 -  9) =    -18.61185  eV     1   --> A              
     e( 10 - 10) =    -18.61077  eV     1   --> A              
     e( 11 - 11) =     -9.91505  eV     1   --> A              
     e( 12 - 12) =     -5.76585  eV     1   --> A              
     e( 13 - 13) =     -5.66854  eV     1   --> A              
     e( 14 - 14) =     -5.31976  eV     1   --> A              
     e( 15 - 15) =     -4.87569  eV     1   --> A              
     e( 16 - 16) =     -4.40995  eV     1   --> A              
     e( 17 - 17) =     -4.37547  eV     1   --> A              
     e( 18 - 18) =     -3.45950  eV     1   --> A              
     e( 19 - 19) =     -3.08992  eV     1   --> A              
     e( 20 - 20) =     -2.90978  eV     1   --> A              
     e( 21 - 21) =      0.81355  eV     1   --> A              
     e( 22 - 22) =      1.30012  eV     1   --> A              
     e( 23 - 23) =      1.33843  eV     1   --> A              
     e( 24 - 24) =      2.06614  eV     1   --> A              

 **************************************************************************

 **************************************************************************

                    xk=(  -0.23333,   0.57735,   0.00000  )

     Band symmetry, C_1 (1)     point group:

     e(  1 -  1) =    -57.97198  eV     1   --> A              
     e(  2 -  2) =    -57.96788  eV     1   --> A              
     e(  3 -  3) =    -34.51040  eV     1   --> A              
     e(  4 -  4) =    -34.48463  eV     1   --> A              
     e(  5 -  5) =    -34.33708  eV     1   --> A              
     e(  6 -  6) =    -34.28994  eV     1   --> A              
     e(  7 -  7) =    -34.20560  eV     1   --> A              
     e(  8 -  8) =    -34.17009  eV     1   --> A              
     e(  9 -  9) =    -18.61918  eV     1   --> A              
     e( 10 - 10) =    -18.61731  eV     1   --> A              
     e( 11 - 11) =     -9.94210  eV     1   --> A              
     e( 12 - 12) =     -5.92707  eV     1   --> A              
     e( 13 - 13) =     -5.69412  eV     1   --> A              
     e( 14 - 14) =     -5.27145  eV     1   --> A              
     e( 15 - 15) =     -4.72066  eV     1   --> A              
     e( 16 - 16) =     -4.43524  eV     1   --> A              
     e( 17 - 17) =     -4.40497  eV     1   --> A              
     e( 18 - 18) =     -3.51867  eV     1   --> A              
     e( 19 - 19) =     -3.03264  eV     1   --> A              
     e( 20 - 20) =     -2.74807  eV     1   --> A              
     e( 21 - 21) =      0.75406  eV     1   --> A              
     e( 22 - 22) =      1.30627  eV     1   --> A              
     e( 23 - 23) =      1.40681  eV     1   --> A              
     e( 24 - 24) =      2.04962  eV     1   --> A              

 **************************************************************************

 **************************************************************************

                    xk=(  -0.20000,   0.57735,   0.00000  )

     Band symmetry, C_1 (1)     point group:

     e(  1 -  1) =    -57.97360  eV     1   --> A              
     e(  2 -  2) =    -57.96840  eV     1   --> A              
     e(  3 -  3) =    -34.52943  eV     1   --> A              
     e(  4 -  4) =    -34.49822  eV     1   --> A              
     e(  5 -  5) =    -34.30890  eV     1   --> A              
     e(  6 -  6) =    -34.26433  eV     1   --> A              
     e(  7 -  7) =    -34.21152  eV     1   --> A              
     e(  8 -  8) =    -34.16708  eV     1   --> A              
     e(  9 -  9) =    -18.62818  eV     1   --> A              
     e( 10 - 10) =    -18.62535  eV     1   --> A              
     e( 11 - 11) =     -9.97171  eV     1   --> A              
     e( 12 - 12) =     -6.09539  eV     1   --> A              
     e( 13 - 13) =     -5.71769  eV     1   --> A              
     e( 14 - 14) =     -5.19532  eV     1   --> A              
     e( 15 - 15) =     -4.63102  eV     1   --> A              
     e( 16 - 16) =     -4.43644  eV     1   --> A              
     e( 17 - 17) =     -4.43470  eV     1   --> A              
     e( 18 - 18) =     -3.58125  eV     1   --> A              
     e( 19 - 19) =     -2.91554  eV     1   --> A              
     e( 20 - 20) =     -2.58337  eV     1   --> A              
     e( 21 - 21) =      0.67833  eV     1   --> A              
     e( 22 - 22) =      1.30332  eV     1   --> A              
     e( 23 - 23) =      1.48255  eV     1   --> A              
     e( 24 - 24) =      2.03589  eV     1   --> A              

 **************************************************************************

 **************************************************************************

                    xk=(  -0.16667,   0.57735,   0.00000  )

     Band symmetry, C_1 (1)     point group:

     e(  1 -  1) =    -57.97520  eV     1   --> A              
     e(  2 -  2) =    -57.96904  eV     1   --> A              
     e(  3 -  3) =    -34.54661  eV     1   --> A              
     e(  4 -  4) =    -34.51137  eV     1   --> A              
     e(  5 -  5) =    -34.28142  eV     1   --> A              
     e(  6 -  6) =    -34.24028  eV     1   --> A              
     e(  7 -  7) =    -34.21527  eV     1   --> A              
     e(  8 -  8) =    -34.16500  eV     1   --> A              
     e(  9 -  9) =    -18.63797  eV     1   --> A              
     e( 10 - 10) =    -18.63410  eV     1   --> A              
     e( 11 - 11) =    -10.00067  eV     1   --> A              
     e( 12 - 12) =     -6.25288  eV     1   --> A              
     e( 13 - 13) =     -5.73752  eV     1   --> A              
     e( 14 - 14) =     -5.10565  eV     1   --> A              
     e( 15 - 15) =     -4.62800  eV     1   --> A              
     e( 16 - 16) =     -4.46570  eV     1   --> A              
     e( 17 - 17) =     -4.39574  eV     1   --> A              
     e( 18 - 18) =     -3.64108  eV     1   --> A              
     e( 19 - 19) =     -2.73646  eV     1   --> A              
     e( 20 - 20) =     -2.43592  eV     1   --> A              
     e( 21 - 21) =      0.58238  eV     1   --> A              
     e( 22 - 22) =      1.29460  eV     1   --> A              
     e( 23 - 23) =      1.56332  eV     1   --> A              
     e( 24 - 24) =      2.02767  eV     1   --> A              

 **************************************************************************

 **************************************************************************

                    xk=(  -0.13333,   0.57735,   0.00000  )

     Band symmetry, C_1 (1)     point group:

     e(  1 -  1) =    -57.97668  eV     1   --> A              
     e(  2 -  2) =    -57.96973  eV     1   --> A              
     e(  3 -  3) =    -34.56131  eV     1   --> A              
     e(  4 -  4) =    -34.52311  eV     1   --> A              
     e(  5 -  5) =    -34.25627  eV     1   --> A              
     e(  6 -  6) =    -34.22897  eV     1   --> A              
     e(  7 -  7) =    -34.20754  eV     1   --> A              
     e(  8 -  8) =    -34.16376  eV     1   --> A              
     e(  9 -  9) =    -18.64766  eV     1   --> A              
     e( 10 - 10) =    -18.64275  eV     1   --> A              
     e( 11 - 11) =    -10.02675  eV     1   --> A              
     e( 12 - 12) =     -6.39028  eV     1   --> A              
     e( 13 - 13) =     -5.75262  eV     1   --> A              
     e( 14 - 14) =     -5.01101  eV     1   --> A              
     e( 15 - 15) =     -4.66344  eV     1   --> A              
     e( 16 - 16) =     -4.49329  eV     1   --> A              
     e( 17 - 17) =     -4.35868  eV     1   --> A              
     e( 18 - 18) =     -3.69310  eV     1   --> A              
     e( 19 - 19) =     -2.51085  eV     1   --> A              
     e( 20 - 20) =     -2.31708  eV     1   --> A              
     e( 21 - 21) =      0.46524  eV     1   --> A              
     e( 22 - 22) =      1.28529  eV     1   --> A              
     e( 23 - 23) =      1.64113  eV     1   --> A              
     e( 24 - 24) =      2.02013  eV     1   --> A              

 **************************************************************************

 **************************************************************************

                    xk=(  -0.10000,   0.57735,   0.00000  )

     Band symmetry, C_1 (1)     point group:

     e(  1 -  1) =    -57.97797  eV     1   --> A              
     e(  2 -  2) =    -57.97037  eV     1   --> A              
     e(  3 -  3) =    -34.57318  eV     1   --> A              
     e(  4 -  4) =    -34.53278  eV     1   --> A              
     e(  5 -  5) =    -34.23479  eV     1   --> A              
     e(  6 -  6) =    -34.23045  eV     1   --> A              
     e(  7 -  7) =    -34.18981  eV     1   --> A              
     e(  8 -  8) =    -34.16338  eV     1   --> A              
     e(  9 -  9) =    -18.65633  eV     1   --> A              
     e( 10 - 10) =    -18.65050  eV     1   --> A              
     e( 11 - 11) =    -10.04832  eV     1   --> A              
     e( 12 - 12) =     -6.50281  eV     1   --> A              
     e( 13 - 13) =     -5.76304  eV     1   --> A              
     e( 14 - 14) =     -4.91954  eV     1   --> A              
     e( 15 - 15) =     -4.70625  eV     1   --> A              
     e( 16 - 16) =     -4.51909  eV     1   --> A              
     e( 17 - 17) =     -4.33809  eV     1   --> A              
     e( 18 - 18) =     -3.73659  eV     1   --> A              
     e( 19 - 19) =     -2.26826  eV     1   --> A              
     e( 20 - 20) =     -2.23245  eV     1   --> A              
     e( 21 - 21) =      0.33043  eV     1   --> A              
     e( 22 - 22) =      1.27842  eV     1   --> A              
     e( 23 - 23) =      1.71167  eV     1   --> A              
     e( 24 - 24) =      2.00940  eV     1   --> A              

 **************************************************************************

 **************************************************************************

                    xk=(  -0.06667,   0.57735,   0.00000  )

     Band symmetry, C_1 (1)     point group:

     e(  1 -  1) =    -57.97894  eV     1   --> A              
     e(  2 -  2) =    -57.97089  eV     1   --> A              
     e(  3 -  3) =    -34.58183  eV     1   --> A              
     e(  4 -  4) =    -34.53994  eV     1   --> A              
     e(  5 -  5) =    -34.23291  eV     1   --> A              
     e(  6 -  6) =    -34.21806  eV     1   --> A              
     e(  7 -  7) =    -34.17492  eV     1   --> A              
     e(  8 -  8) =    -34.16372  eV     1   --> A              
     e(  9 -  9) =    -18.66318  eV     1   --> A              
     e( 10 - 10) =    -18.65661  eV     1   --> A              
     e( 11 - 11) =    -10.06429  eV     1   --> A              
     e( 12 - 12) =     -6.58528  eV     1   --> A              
     e( 13 - 13) =     -5.76923  eV     1   --> A              
     e( 14 - 14) =     -4.83979  eV     1   --> A              
     e( 15 - 15) =     -4.74305  eV     1   --> A              
     e( 16 - 16) =     -4.54400  eV     1   --> A              
     e( 17 - 17) =     -4.32879  eV     1   --> A              
     e( 18 - 18) =     -3.76790  eV     1   --> A              
     e( 19 - 19) =     -2.17908  eV     1   --> A              
     e( 20 - 20) =     -2.04364  eV     1   --> A              
     e( 21 - 21) =      0.19340  eV     1   --> A              
     e( 22 - 22) =      1.27862  eV     1   --> A              
     e( 23 - 23) =      1.77616  eV     1   --> A              
     e( 24 - 24) =      1.99665  eV     1   --> A              

 **************************************************************************

 **************************************************************************

                    xk=(  -0.03333,   0.57735,   0.00000  )

     Band symmetry, C_1 (1)     point group:

     e(  1 -  1) =    -57.97952  eV     1   --> A              
     e(  2 -  2) =    -57.97120  eV     1   --> A              
     e(  3 -  3) =    -34.58709  eV     1   --> A              
     e(  4 -  4) =    -34.54434  eV     1   --> A              
     e(  5 -  5) =    -34.23456  eV     1   --> A              
     e(  6 -  6) =    -34.20716  eV     1   --> A              
     e(  7 -  7) =    -34.16543  eV     1   --> A              
     e(  8 -  8) =    -34.16442  eV     1   --> A              
     e(  9 -  9) =    -18.66756  eV     1   --> A              
     e( 10 - 10) =    -18.66051  eV     1   --> A              
     e( 11 - 11) =    -10.07408  eV     1   --> A              
     e( 12 - 12) =     -6.63548  eV     1   --> A              
     e( 13 - 13) =     -5.77179  eV     1   --> A              
     e( 14 - 14) =     -4.78117  eV     1   --> A              
     e( 15 - 15) =     -4.76766  eV     1   --> A              
     e( 16 - 16) =     -4.56401  eV     1   --> A              
     e( 17 - 17) =     -4.32459  eV     1   --> A              
     e( 18 - 18) =     -3.78673  eV     1   --> A              
     e( 19 - 19) =     -2.15112  eV     1   --> A              
     e( 20 - 20) =     -1.87744  eV     1   --> A              
     e( 21 - 21) =      0.08527  eV     1   --> A              
     e( 22 - 22) =      1.28395  eV     1   --> A              
     e( 23 - 23) =      1.83506  eV     1   --> A              
     e( 24 - 24) =      1.93587  eV     1   --> A              

 **************************************************************************

 **************************************************************************

                    xk=(   0.00000,   0.57735,   0.00000  )

     Band symmetry, C_1 (1)     point group:

     e(  1 -  1) =    -57.97973  eV     1   --> A              
     e(  2 -  2) =    -57.97134  eV     1   --> A              
     e(  3 -  3) =    -34.58886  eV     1   --> A              
     e(  4 -  4) =    -34.54583  eV     1   --> A              
     e(  5 -  5) =    -34.23516  eV     1   --> A              
     e(  6 -  6) =    -34.20334  eV     1   --> A              
     e(  7 -  7) =    -34.16485  eV     1   --> A              
     e(  8 -  8) =    -34.16220  eV     1   --> A              
     e(  9 -  9) =    -18.66907  eV     1   --> A              
     e( 10 - 10) =    -18.66186  eV     1   --> A              
     e( 11 - 11) =    -10.07742  eV     1   --> A              
     e( 12 - 12) =     -6.65258  eV     1   --> A              
     e( 13 - 13) =     -5.77280  eV     1   --> A              
     e( 14 - 14) =     -4.77706  eV     1   --> A              
     e( 15 - 15) =     -4.75873  eV     1   --> A              
     e( 16 - 16) =     -4.57352  eV     1   --> A              
     e( 17 - 17) =     -4.32378  eV     1   --> A              
     e( 18 - 18) =     -3.79363  eV     1   --> A              
     e( 19 - 19) =     -2.14299  eV     1   --> A              
     e( 20 - 20) =     -1.81584  eV     1   --> A              
     e( 21 - 21) =      0.04123  eV     1   --> A              
     e( 22 - 22) =      1.28570  eV     1   --> A              
     e( 23 - 23) =      1.87646  eV     1   --> A              
     e( 24 - 24) =      1.89642  eV     1   --> A              

 **************************************************************************

 **************************************************************************

                    xk=(   0.03333,   0.57735,   0.00000  )

     Band symmetry, C_1 (1)     point group:

     e(  1 -  1) =    -57.97952  eV     1   --> A              
     e(  2 -  2) =    -57.97120  eV     1   --> A              
     e(  3 -  3) =    -34.58709  eV     1   --> A              
     e(  4 -  4) =    -34.54434  eV     1   --> A              
     e(  5 -  5) =    -34.23456  eV     1   --> A              
     e(  6 -  6) =    -34.20716  eV     1   --> A              
     e(  7 -  7) =    -34.16543  eV     1   --> A              
     e(  8 -  8) =    -34.16442  eV     1   --> A              
     e(  9 -  9) =    -18.66756  eV     1   --> A              
     e( 10 - 10) =    -18.66051  eV     1   --> A              
     e( 11 - 11) =    -10.07408  eV     1   --> A              
     e( 12 - 12) =     -6.63548  eV     1   --> A              
     e( 13 - 13) =     -5.77179  eV     1   --> A              
     e( 14 - 14) =     -4.78117  eV     1   --> A              
     e( 15 - 15) =     -4.76766  eV     1   --> A              
     e( 16 - 16) =     -4.56401  eV     1   --> A              
     e( 17 - 17) =     -4.32459  eV     1   --> A              
     e( 18 - 18) =     -3.78673  eV     1   --> A              
     e( 19 - 19) =     -2.15112  eV     1   --> A              
     e( 20 - 20) =     -1.87744  eV     1   --> A              
     e( 21 - 21) =      0.08527  eV     1   --> A              
     e( 22 - 22) =      1.28395  eV     1   --> A              
     e( 23 - 23) =      1.83506  eV     1   --> A              
     e( 24 - 24) =      1.93587  eV     1   --> A              

 **************************************************************************

 **************************************************************************

                    xk=(   0.06667,   0.57735,   0.00000  )

     Band symmetry, C_1 (1)     point group:

     e(  1 -  1) =    -57.97894  eV     1   --> A              
     e(  2 -  2) =    -57.97089  eV     1   --> A              
     e(  3 -  3) =    -34.58183  eV     1   --> A              
     e(  4 -  4) =    -34.53994  eV     1   --> A              
     e(  5 -  5) =    -34.23291  eV     1   --> A              
     e(  6 -  6) =    -34.21806  eV     1   --> A              
     e(  7 -  7) =    -34.17492  eV     1   --> A              
     e(  8 -  8) =    -34.16372  eV     1   --> A              
     e(  9 -  9) =    -18.66318  eV     1   --> A              
     e( 10 - 10) =    -18.65661  eV     1   --> A              
     e( 11 - 11) =    -10.06429  eV     1   --> A              
     e( 12 - 12) =     -6.58528  eV     1   --> A              
     e( 13 - 13) =     -5.76923  eV     1   --> A              
     e( 14 - 14) =     -4.83979  eV     1   --> A              
     e( 15 - 15) =     -4.74305  eV     1   --> A              
     e( 16 - 16) =     -4.54400  eV     1   --> A              
     e( 17 - 17) =     -4.32879  eV     1   --> A              
     e( 18 - 18) =     -3.76790  eV     1   --> A              
     e( 19 - 19) =     -2.17908  eV     1   --> A              
     e( 20 - 20) =     -2.04364  eV     1   --> A              
     e( 21 - 21) =      0.19340  eV     1   --> A              
     e( 22 - 22) =      1.27862  eV     1   --> A              
     e( 23 - 23) =      1.77616  eV     1   --> A              
     e( 24 - 24) =      1.99762  eV     1   --> A              

 **************************************************************************

 **************************************************************************

                    xk=(   0.10000,   0.57735,   0.00000  )

     Band symmetry, C_1 (1)     point group:

     e(  1 -  1) =    -57.97797  eV     1   --> A              
     e(  2 -  2) =    -57.97037  eV     1   --> A              
     e(  3 -  3) =    -34.57318  eV     1   --> A              
     e(  4 -  4) =    -34.53278  eV     1   --> A              
     e(  5 -  5) =    -34.23479  eV     1   --> A              
     e(  6 -  6) =    -34.23045  eV     1   --> A              
     e(  7 -  7) =    -34.18981  eV     1   --> A              
     e(  8 -  8) =    -34.16338  eV     1   --> A              
     e(  9 -  9) =    -18.65633  eV     1   --> A              
     e( 10 - 10) =    -18.65050  eV     1   --> A              
     e( 11 - 11) =    -10.04832  eV     1   --> A              
     e( 12 - 12) =     -6.50281  eV     1   --> A              
     e( 13 - 13) =     -5.76304  eV     1   --> A              
     e( 14 - 14) =     -4.91954  eV     1   --> A              
     e( 15 - 15) =     -4.70625  eV     1   --> A              
     e( 16 - 16) =     -4.51909  eV     1   --> A              
     e( 17 - 17) =     -4.33809  eV     1   --> A              
     e( 18 - 18) =     -3.73659  eV     1   --> A              
     e( 19 - 19) =     -2.26826  eV     1   --> A              
     e( 20 - 20) =     -2.23245  eV     1   --> A              
     e( 21 - 21) =      0.33043  eV     1   --> A              
     e( 22 - 22) =      1.27842  eV     1   --> A              
     e( 23 - 23) =      1.71167  eV     1   --> A              
     e( 24 - 24) =      2.00940  eV     1   --> A              

 **************************************************************************

 **************************************************************************

                    xk=(   0.13333,   0.57735,   0.00000  )

     Band symmetry, C_1 (1)     point group:

     e(  1 -  1) =    -57.97668  eV     1   --> A              
     e(  2 -  2) =    -57.96973  eV     1   --> A              
     e(  3 -  3) =    -34.56131  eV     1   --> A              
     e(  4 -  4) =    -34.52311  eV     1   --> A              
     e(  5 -  5) =    -34.25627  eV     1   --> A              
     e(  6 -  6) =    -34.22897  eV     1   --> A              
     e(  7 -  7) =    -34.20754  eV     1   --> A              
     e(  8 -  8) =    -34.16376  eV     1   --> A              
     e(  9 -  9) =    -18.64766  eV     1   --> A              
     e( 10 - 10) =    -18.64275  eV     1   --> A              
     e( 11 - 11) =    -10.02675  eV     1   --> A              
     e( 12 - 12) =     -6.39028  eV     1   --> A              
     e( 13 - 13) =     -5.75262  eV     1   --> A              
     e( 14 - 14) =     -5.01101  eV     1   --> A              
     e( 15 - 15) =     -4.66344  eV     1   --> A              
     e( 16 - 16) =     -4.49329  eV     1   --> A              
     e( 17 - 17) =     -4.35868  eV     1   --> A              
     e( 18 - 18) =     -3.69310  eV     1   --> A              
     e( 19 - 19) =     -2.51085  eV     1   --> A              
     e( 20 - 20) =     -2.31708  eV     1   --> A              
     e( 21 - 21) =      0.46524  eV     1   --> A              
     e( 22 - 22) =      1.28529  eV     1   --> A              
     e( 23 - 23) =      1.64113  eV     1   --> A              
     e( 24 - 24) =      2.02013  eV     1   --> A              

 **************************************************************************

 **************************************************************************

                    xk=(   0.16667,   0.57735,   0.00000  )

     Band symmetry, C_1 (1)     point group:

     e(  1 -  1) =    -57.97520  eV     1   --> A              
     e(  2 -  2) =    -57.96904  eV     1   --> A              
     e(  3 -  3) =    -34.54661  eV     1   --> A              
     e(  4 -  4) =    -34.51137  eV     1   --> A              
     e(  5 -  5) =    -34.28142  eV     1   --> A              
     e(  6 -  6) =    -34.24028  eV     1   --> A              
     e(  7 -  7) =    -34.21527  eV     1   --> A              
     e(  8 -  8) =    -34.16500  eV     1   --> A              
     e(  9 -  9) =    -18.63797  eV     1   --> A              
     e( 10 - 10) =    -18.63410  eV     1   --> A              
     e( 11 - 11) =    -10.00067  eV     1   --> A              
     e( 12 - 12) =     -6.25288  eV     1   --> A              
     e( 13 - 13) =     -5.73752  eV     1   --> A              
     e( 14 - 14) =     -5.10565  eV     1   --> A              
     e( 15 - 15) =     -4.62800  eV     1   --> A              
     e( 16 - 16) =     -4.46570  eV     1   --> A              
     e( 17 - 17) =     -4.39574  eV     1   --> A              
     e( 18 - 18) =     -3.64108  eV     1   --> A              
     e( 19 - 19) =     -2.73646  eV     1   --> A              
     e( 20 - 20) =     -2.43592  eV     1   --> A              
     e( 21 - 21) =      0.58238  eV     1   --> A              
     e( 22 - 22) =      1.29460  eV     1   --> A              
     e( 23 - 23) =      1.56332  eV     1   --> A              
     e( 24 - 24) =      2.02767  eV     1   --> A              

 **************************************************************************

 **************************************************************************

                    xk=(   0.20000,   0.57735,   0.00000  )

     Band symmetry, C_1 (1)     point group:

     e(  1 -  1) =    -57.97360  eV     1   --> A              
     e(  2 -  2) =    -57.96840  eV     1   --> A              
     e(  3 -  3) =    -34.52943  eV     1   --> A              
     e(  4 -  4) =    -34.49822  eV     1   --> A              
     e(  5 -  5) =    -34.30890  eV     1   --> A              
     e(  6 -  6) =    -34.26433  eV     1   --> A              
     e(  7 -  7) =    -34.21152  eV     1   --> A              
     e(  8 -  8) =    -34.16708  eV     1   --> A              
     e(  9 -  9) =    -18.62818  eV     1   --> A              
     e( 10 - 10) =    -18.62535  eV     1   --> A              
     e( 11 - 11) =     -9.97171  eV     1   --> A              
     e( 12 - 12) =     -6.09539  eV     1   --> A              
     e( 13 - 13) =     -5.71769  eV     1   --> A              
     e( 14 - 14) =     -5.19532  eV     1   --> A              
     e( 15 - 15) =     -4.63102  eV     1   --> A              
     e( 16 - 16) =     -4.43644  eV     1   --> A              
     e( 17 - 17) =     -4.43470  eV     1   --> A              
     e( 18 - 18) =     -3.58125  eV     1   --> A              
     e( 19 - 19) =     -2.91554  eV     1   --> A              
     e( 20 - 20) =     -2.58337  eV     1   --> A              
     e( 21 - 21) =      0.67833  eV     1   --> A              
     e( 22 - 22) =      1.30332  eV     1   --> A              
     e( 23 - 23) =      1.48255  eV     1   --> A              
     e( 24 - 24) =      2.03589  eV     1   --> A              

 **************************************************************************

 **************************************************************************

                    xk=(   0.23333,   0.57735,   0.00000  )

     Band symmetry, C_1 (1)     point group:

     e(  1 -  1) =    -57.97198  eV     1   --> A              
     e(  2 -  2) =    -57.96788  eV     1   --> A              
     e(  3 -  3) =    -34.51040  eV     1   --> A              
     e(  4 -  4) =    -34.48463  eV     1   --> A              
     e(  5 -  5) =    -34.33708  eV     1   --> A              
     e(  6 -  6) =    -34.28994  eV     1   --> A              
     e(  7 -  7) =    -34.20560  eV     1   --> A              
     e(  8 -  8) =    -34.17009  eV     1   --> A              
     e(  9 -  9) =    -18.61918  eV     1   --> A              
     e( 10 - 10) =    -18.61731  eV     1   --> A              
     e( 11 - 11) =     -9.94210  eV     1   --> A              
     e( 12 - 12) =     -5.92707  eV     1   --> A              
     e( 13 - 13) =     -5.69412  eV     1   --> A              
     e( 14 - 14) =     -5.27145  eV     1   --> A              
     e( 15 - 15) =     -4.72066  eV     1   --> A              
     e( 16 - 16) =     -4.43524  eV     1   --> A              
     e( 17 - 17) =     -4.40497  eV     1   --> A              
     e( 18 - 18) =     -3.51867  eV     1   --> A              
     e( 19 - 19) =     -3.03264  eV     1   --> A              
     e( 20 - 20) =     -2.74807  eV     1   --> A              
     e( 21 - 21) =      0.75406  eV     1   --> A              
     e( 22 - 22) =      1.30627  eV     1   --> A              
     e( 23 - 23) =      1.40681  eV     1   --> A              
     e( 24 - 24) =      2.04962  eV     1   --> A              

 **************************************************************************

 **************************************************************************

                    xk=(   0.26667,   0.57735,   0.00000  )

     Band symmetry, C_1 (1)     point group:

     e(  1 -  1) =    -57.97046  eV     1   --> A              
     e(  2 -  2) =    -57.96760  eV     1   --> A              
     e(  3 -  3) =    -34.49060  eV     1   --> A              
     e(  4 -  4) =    -34.47237  eV     1   --> A              
     e(  5 -  5) =    -34.36388  eV     1   --> A              
     e(  6 -  6) =    -34.31300  eV     1   --> A              
     e(  7 -  7) =    -34.19899  eV     1   --> A              
     e(  8 -  8) =    -34.17407  eV     1   --> A              
     e(  9 -  9) =    -18.61185  eV     1   --> A              
     e( 10 - 10) =    -18.61077  eV     1   --> A              
     e( 11 - 11) =     -9.91505  eV     1   --> A              
     e( 12 - 12) =     -5.76585  eV     1   --> A              
     e( 13 - 13) =     -5.66854  eV     1   --> A              
     e( 14 - 14) =     -5.31976  eV     1   --> A              
     e( 15 - 15) =     -4.87569  eV     1   --> A              
     e( 16 - 16) =     -4.40995  eV     1   --> A              
     e( 17 - 17) =     -4.37547  eV     1   --> A              
     e( 18 - 18) =     -3.45950  eV     1   --> A              
     e( 19 - 19) =     -3.08992  eV     1   --> A              
     e( 20 - 20) =     -2.90978  eV     1   --> A              
     e( 21 - 21) =      0.81355  eV     1   --> A              
     e( 22 - 22) =      1.30012  eV     1   --> A              
     e( 23 - 23) =      1.33843  eV     1   --> A              
     e( 24 - 24) =      2.06614  eV     1   --> A              

 **************************************************************************

 **************************************************************************

                    xk=(   0.30000,   0.57735,   0.00000  )

     Band symmetry, C_1 (1)     point group:

     e(  1 -  1) =    -57.96916  eV     1   --> A              
     e(  2 -  2) =    -57.96768  eV     1   --> A              
     e(  3 -  3) =    -34.47259  eV     1   --> A              
     e(  4 -  4) =    -34.46413  eV     1   --> A              
     e(  5 -  5) =    -34.38575  eV     1   --> A              
     e(  6 -  6) =    -34.32949  eV     1   --> A              
     e(  7 -  7) =    -34.19214  eV     1   --> A              
     e(  8 -  8) =    -34.17912  eV     1   --> A              
     e(  9 -  9) =    -18.60695  eV     1   --> A              
     e( 10 - 10) =    -18.60645  eV     1   --> A              
     e( 11 - 11) =     -9.89509  eV     1   --> A              
     e( 12 - 12) =     -5.65225  eV     1   --> A              
     e( 13 - 13) =     -5.64636  eV     1   --> A              
     e( 14 - 14) =     -5.30566  eV     1   --> A              
     e( 15 - 15) =     -5.04896  eV     1   --> A              
     e( 16 - 16) =     -4.38232  eV     1   --> A              
     e( 17 - 17) =     -4.35545  eV     1   --> A              
     e( 18 - 18) =     -3.41675  eV     1   --> A              
     e( 19 - 19) =     -3.10462  eV     1   --> A              
     e( 20 - 20) =     -3.03901  eV     1   --> A              
     e( 21 - 21) =      0.84970  eV     1   --> A              
     e( 22 - 22) =      1.28837  eV     1   --> A              
     e( 23 - 23) =      1.29080  eV     1   --> A              
     e( 24 - 24) =      2.07893  eV     1   --> A              

 **************************************************************************

 **************************************************************************

                    xk=(   0.33333,   0.57735,   0.00000  )

     Band symmetry, C_1 (1)     point group:

     e(  1 -  1) =    -57.96830  eV     1   --> A              
     e(  2 -  2) =    -57.96812  eV     1   --> A              
     e(  3 -  3) =    -34.46293  eV     1   --> A              
     e(  4 -  4) =    -34.46280  eV     1   --> A              
     e(  5 -  5) =    -34.39525  eV     1   --> A              
     e(  6 -  6) =    -34.33544  eV     1   --> A              
     e(  7 -  7) =    -34.18537  eV     1   --> A              
     e(  8 -  8) =    -34.18521  eV     1   --> A              
     e(  9 -  9) =    -18.60520  eV     1   --> A              
     e( 10 - 10) =    -18.60491  eV     1   --> A              
     e( 11 - 11) =     -9.88718  eV     1   --> A              
     e( 12 - 12) =     -5.63553  eV     1   --> A              
     e( 13 - 13) =     -5.62162  eV     1   --> A              
     e( 14 - 14) =     -5.20371  eV     1   --> A              
     e( 15 - 15) =     -5.20359  eV     1   --> A              
     e( 16 - 16) =     -4.35874  eV     1   --> A              
     e( 17 - 17) =     -4.35860  eV     1   --> A              
     e( 18 - 18) =     -3.40507  eV     1   --> A              
     e( 19 - 19) =     -3.09578  eV     1   --> A              
     e( 20 - 20) =     -3.09565  eV     1   --> A              
     e( 21 - 21) =      0.86268  eV     1   --> A              
     e( 22 - 22) =      1.27652  eV     1   --> A              
     e( 23 - 23) =      1.27664  eV     1   --> A              
     e( 24 - 24) =      2.08429  eV     1   --> A              

 **************************************************************************

 **************************************************************************

                    xk=(   0.31667,   0.54848,   0.00000  )

     Band symmetry, C_1 (1)     point group:

     e(  1 -  1) =    -57.96924  eV     1   --> A              
     e(  2 -  2) =    -57.96767  eV     1   --> A              
     e(  3 -  3) =    -34.46840  eV     1   --> A              
     e(  4 -  4) =    -34.46690  eV     1   --> A              
     e(  5 -  5) =    -34.38606  eV     1   --> A              
     e(  6 -  6) =    -34.33007  eV     1   --> A              
     e(  7 -  7) =    -34.19262  eV     1   --> A              
     e(  8 -  8) =    -34.17873  eV     1   --> A              
     e(  9 -  9) =    -18.60703  eV     1   --> A              
     e( 10 - 10) =    -18.60668  eV     1   --> A              
     e( 11 - 11) =     -9.89691  eV     1   --> A              
     e( 12 - 12) =     -5.65066  eV     1   --> A              
     e( 13 - 13) =     -5.63480  eV     1   --> A              
     e( 14 - 14) =     -5.30422  eV     1   --> A              
     e( 15 - 15) =     -5.06163  eV     1   --> A              
     e( 16 - 16) =     -4.40054  eV     1   --> A              
     e( 17 - 17) =     -4.34195  eV     1   --> A              
     e( 18 - 18) =     -3.39883  eV     1   --> A              
     e( 19 - 19) =     -3.08116  eV     1   --> A              
     e( 20 - 20) =     -3.07811  eV     1   --> A              
     e( 21 - 21) =      0.85098  eV     1   --> A              
     e( 22 - 22) =      1.27618  eV     1   --> A              
     e( 23 - 23) =      1.30253  eV     1   --> A              
     e( 24 - 24) =      2.07802  eV     1   --> A              

 **************************************************************************

 **************************************************************************

                    xk=(   0.30000,   0.51962,   0.00000  )

     Band symmetry, C_1 (1)     point group:

     e(  1 -  1) =    -57.97089  eV     1   --> A              
     e(  2 -  2) =    -57.96766  eV     1   --> A              
     e(  3 -  3) =    -34.47684  eV     1   --> A              
     e(  4 -  4) =    -34.47649  eV     1   --> A              
     e(  5 -  5) =    -34.36582  eV     1   --> A              
     e(  6 -  6) =    -34.31661  eV     1   --> A              
     e(  7 -  7) =    -34.20114  eV     1   --> A              
     e(  8 -  8) =    -34.17265  eV     1   --> A              
     e(  9 -  9) =    -18.61267  eV     1   --> A              
     e( 10 - 10) =    -18.61233  eV     1   --> A              
     e( 11 - 11) =     -9.92925  eV     1   --> A              
     e( 12 - 12) =     -5.68916  eV     1   --> A              
     e( 13 - 13) =     -5.65956  eV     1   --> A              
     e( 14 - 14) =     -5.33861  eV     1   --> A              
     e( 15 - 15) =     -4.92463  eV     1   --> A              
     e( 16 - 16) =     -4.48194  eV     1   --> A              
     e( 17 - 17) =     -4.33348  eV     1   --> A              
     e( 18 - 18) =     -3.35383  eV     1   --> A              
     e( 19 - 19) =     -3.06222  eV     1   --> A              
     e( 20 - 20) =     -3.03138  eV     1   --> A              
     e( 21 - 21) =      0.82237  eV     1   --> A              
     e( 22 - 22) =      1.28848  eV     1   --> A              
     e( 23 - 23) =      1.35194  eV     1   --> A              
     e( 24 - 24) =      2.05551  eV     1   --> A              

 **************************************************************************

 **************************************************************************

                    xk=(   0.28333,   0.49075,   0.00000  )

     Band symmetry, C_1 (1)     point group:

     e(  1 -  1) =    -57.97316  eV     1   --> A              
     e(  2 -  2) =    -57.96821  eV     1   --> A              
     e(  3 -  3) =    -34.48397  eV     1   --> A              
     e(  4 -  4) =    -34.48379  eV     1   --> A              
     e(  5 -  5) =    -34.34179  eV     1   --> A              
     e(  6 -  6) =    -34.29866  eV     1   --> A              
     e(  7 -  7) =    -34.21084  eV     1   --> A              
     e(  8 -  8) =    -34.16723  eV     1   --> A              
     e(  9 -  9) =    -18.62239  eV     1   --> A              
     e( 10 - 10) =    -18.62207  eV     1   --> A              
     e( 11 - 11) =     -9.98698  eV     1   --> A              
     e( 12 - 12) =     -5.72025  eV     1   --> A              
     e( 13 - 13) =     -5.68635  eV     1   --> A              
     e( 14 - 14) =     -5.32870  eV     1   --> A              
     e( 15 - 15) =     -4.81632  eV     1   --> A              
     e( 16 - 16) =     -4.58010  eV     1   --> A              
     e( 17 - 17) =     -4.33261  eV     1   --> A              
     e( 18 - 18) =     -3.26420  eV     1   --> A              
     e( 19 - 19) =     -3.05366  eV     1   --> A              
     e( 20 - 20) =     -2.96205  eV     1   --> A              
     e( 21 - 21) =      0.78929  eV     1   --> A              
     e( 22 - 22) =      1.31368  eV     1   --> A              
     e( 23 - 23) =      1.41019  eV     1   --> A              
     e( 24 - 24) =      2.02541  eV     1   --> A              

 **************************************************************************

 **************************************************************************

                    xk=(   0.26667,   0.46188,   0.00000  )

     Band symmetry, C_1 (1)     point group:

     e(  1 -  1) =    -57.97612  eV     1   --> A              
     e(  2 -  2) =    -57.96939  eV     1   --> A              
     e(  3 -  3) =    -34.48709  eV     1   --> A              
     e(  4 -  4) =    -34.48600  eV     1   --> A              
     e(  5 -  5) =    -34.31672  eV     1   --> A              
     e(  6 -  6) =    -34.27860  eV     1   --> A              
     e(  7 -  7) =    -34.22168  eV     1   --> A              
     e(  8 -  8) =    -34.16262  eV     1   --> A              
     e(  9 -  9) =    -18.63669  eV     1   --> A              
     e( 10 - 10) =    -18.63589  eV     1   --> A              
     e( 11 - 11) =    -10.07022  eV     1   --> A              
     e( 12 - 12) =     -5.72147  eV     1   --> A              
     e( 13 - 13) =     -5.71604  eV     1   --> A              
     e( 14 - 14) =     -5.29502  eV     1   --> A              
     e( 15 - 15) =     -4.78212  eV     1   --> A              
     e( 16 - 16) =     -4.63631  eV     1   --> A              
     e( 17 - 17) =     -4.33877  eV     1   --> A              
     e( 18 - 18) =     -3.15230  eV     1   --> A              
     e( 19 - 19) =     -3.05577  eV     1   --> A              
     e( 20 - 20) =     -2.87006  eV     1   --> A              
     e( 21 - 21) =      0.75539  eV     1   --> A              
     e( 22 - 22) =      1.35126  eV     1   --> A              
     e( 23 - 23) =      1.46129  eV     1   --> A              
     e( 24 - 24) =      1.99074  eV     1   --> A              

 **************************************************************************

 **************************************************************************

                    xk=(   0.25000,   0.43301,   0.00000  )

     Band symmetry, C_1 (1)     point group:

     e(  1 -  1) =    -57.97975  eV     1   --> A              
     e(  2 -  2) =    -57.97126  eV     1   --> A              
     e(  3 -  3) =    -34.48490  eV     1   --> A              
     e(  4 -  4) =    -34.48189  eV     1   --> A              
     e(  5 -  5) =    -34.29186  eV     1   --> A              
     e(  6 -  6) =    -34.25781  eV     1   --> A              
     e(  7 -  7) =    -34.23347  eV     1   --> A              
     e(  8 -  8) =    -34.15886  eV     1   --> A              
     e(  9 -  9) =    -18.65572  eV     1   --> A              
     e( 10 - 10) =    -18.65391  eV     1   --> A              
     e( 11 - 11) =    -10.17566  eV     1   --> A              
     e( 12 - 12) =     -5.74966  eV     1   --> A              
     e( 13 - 13) =     -5.69128  eV     1   --> A              
     e( 14 - 14) =     -5.24386  eV     1   --> A              
     e( 15 - 15) =     -4.85199  eV     1   --> A              
     e( 16 - 16) =     -4.61081  eV     1   --> A              
     e( 17 - 17) =     -4.34870  eV     1   --> A              
     e( 18 - 18) =     -3.06918  eV     1   --> A              
     e( 19 - 19) =     -3.04139  eV     1   --> A              
     e( 20 - 20) =     -2.74639  eV     1   --> A              
     e( 21 - 21) =      0.72067  eV     1   --> A              
     e( 22 - 22) =      1.38807  eV     1   --> A              
     e( 23 - 23) =      1.49576  eV     1   --> A              
     e( 24 - 24) =      1.96356  eV     1   --> A              

 **************************************************************************

 **************************************************************************

                    xk=(   0.23333,   0.40415,   0.00000  )

     Band symmetry, C_1 (1)     point group:

     e(  1 -  1) =    -57.98403  eV     1   --> A              
     e(  2 -  2) =    -57.97374  eV     1   --> A              
     e(  3 -  3) =    -34.47670  eV     1   --> A              
     e(  4 -  4) =    -34.47108  eV     1   --> A              
     e(  5 -  5) =    -34.26861  eV     1   --> A              
     e(  6 -  6) =    -34.24526  eV     1   --> A              
     e(  7 -  7) =    -34.23716  eV     1   --> A              
     e(  8 -  8) =    -34.15597  eV     1   --> A              
     e(  9 -  9) =    -18.67951  eV     1   --> A              
     e( 10 - 10) =    -18.67613  eV     1   --> A              
     e( 11 - 11) =    -10.29737  eV     1   --> A              
     e( 12 - 12) =     -5.78583  eV     1   --> A              
     e( 13 - 13) =     -5.64258  eV     1   --> A              
     e( 14 - 14) =     -5.17124  eV     1   --> A              
     e( 15 - 15) =     -4.93737  eV     1   --> A              
     e( 16 - 16) =     -4.58685  eV     1   --> A              
     e( 17 - 17) =     -4.35777  eV     1   --> A              
     e( 18 - 18) =     -3.09185  eV     1   --> A              
     e( 19 - 19) =     -2.93649  eV     1   --> A              
     e( 20 - 20) =     -2.58922  eV     1   --> A              
     e( 21 - 21) =      0.68291  eV     1   --> A              
     e( 22 - 22) =      1.41383  eV     1   --> A              
     e( 23 - 23) =      1.51858  eV     1   --> A              
     e( 24 - 24) =      1.95358  eV     1   --> A              

 **************************************************************************

 **************************************************************************

                    xk=(   0.21667,   0.37528,   0.00000  )

     Band symmetry, C_1 (1)     point group:

     e(  1 -  1) =    -57.98889  eV     1   --> A              
     e(  2 -  2) =    -57.97683  eV     1   --> A              
     e(  3 -  3) =    -34.46236  eV     1   --> A              
     e(  4 -  4) =    -34.45363  eV     1   --> A              
     e(  5 -  5) =    -34.26324  eV     1   --> A              
     e(  6 -  6) =    -34.24100  eV     1   --> A              
     e(  7 -  7) =    -34.21726  eV     1   --> A              
     e(  8 -  8) =    -34.15384  eV     1   --> A              
     e(  9 -  9) =    -18.70815  eV     1   --> A              
     e( 10 - 10) =    -18.70244  eV     1   --> A              
     e( 11 - 11) =    -10.42837  eV     1   --> A              
     e( 12 - 12) =     -5.82159  eV     1   --> A              
     e( 13 - 13) =     -5.59398  eV     1   --> A              
     e( 14 - 14) =     -5.07518  eV     1   --> A              
     e( 15 - 15) =     -5.01696  eV     1   --> A              
     e( 16 - 16) =     -4.58788  eV     1   --> A              
     e( 17 - 17) =     -4.35806  eV     1   --> A              
     e( 18 - 18) =     -3.11958  eV     1   --> A              
     e( 19 - 19) =     -2.82862  eV     1   --> A              
     e( 20 - 20) =     -2.41002  eV     1   --> A              
     e( 21 - 21) =      0.64035  eV     1   --> A              
     e( 22 - 22) =      1.42200  eV     1   --> A              
     e( 23 - 23) =      1.53636  eV     1   --> A              
     e( 24 - 24) =      1.96041  eV     1   --> A              

 **************************************************************************

 **************************************************************************

                    xk=(   0.20000,   0.34641,   0.00000  )

     Band symmetry, C_1 (1)     point group:

     e(  1 -  1) =    -57.99424  eV     1   --> A              
     e(  2 -  2) =    -57.98046  eV     1   --> A              
     e(  3 -  3) =    -34.44221  eV     1   --> A              
     e(  4 -  4) =    -34.42995  eV     1   --> A              
     e(  5 -  5) =    -34.27633  eV     1   --> A              
     e(  6 -  6) =    -34.22021  eV     1   --> A              
     e(  7 -  7) =    -34.19872  eV     1   --> A              
     e(  8 -  8) =    -34.15215  eV     1   --> A              
     e(  9 -  9) =    -18.74155  eV     1   --> A              
     e( 10 - 10) =    -18.73260  eV     1   --> A              
     e( 11 - 11) =    -10.56191  eV     1   --> A              
     e( 12 - 12) =     -5.85136  eV     1   --> A              
     e( 13 - 13) =     -5.55798  eV     1   --> A              
     e( 14 - 14) =     -5.09173  eV     1   --> A              
     e( 15 - 15) =     -4.96679  eV     1   --> A              
     e( 16 - 16) =     -4.61377  eV     1   --> A              
     e( 17 - 17) =     -4.33543  eV     1   --> A              
     e( 18 - 18) =     -3.14436  eV     1   --> A              
     e( 19 - 19) =     -2.70802  eV     1   --> A              
     e( 20 - 20) =     -2.21878  eV     1   --> A              
     e( 21 - 21) =      0.59074  eV     1   --> A              
     e( 22 - 22) =      1.41200  eV     1   --> A              
     e( 23 - 23) =      1.55268  eV     1   --> A              
     e( 24 - 24) =      1.96223  eV     1   --> A              

 **************************************************************************

 **************************************************************************

                    xk=(   0.18333,   0.31754,   0.00000  )

     Band symmetry, C_1 (1)     point group:

     e(  1 -  1) =    -57.99997  eV     1   --> A              
     e(  2 -  2) =    -57.98451  eV     1   --> A              
     e(  3 -  3) =    -34.41692  eV     1   --> A              
     e(  4 -  4) =    -34.40081  eV     1   --> A              
     e(  5 -  5) =    -34.29073  eV     1   --> A              
     e(  6 -  6) =    -34.19992  eV     1   --> A              
     e(  7 -  7) =    -34.18242  eV     1   --> A              
     e(  8 -  8) =    -34.15015  eV     1   --> A              
     e(  9 -  9) =    -18.77943  eV     1   --> A              
     e( 10 - 10) =    -18.76622  eV     1   --> A              
     e( 11 - 11) =    -10.69190  eV     1   --> A              
     e( 12 - 12) =     -5.87025  eV     1   --> A              
     e( 13 - 13) =     -5.53781  eV     1   --> A              
     e( 14 - 14) =     -5.16620  eV     1   --> A              
     e( 15 - 15) =     -4.87480  eV     1   --> A              
     e( 16 - 16) =     -4.66143  eV     1   --> A              
     e( 17 - 17) =     -4.27721  eV     1   --> A              
     e( 18 - 18) =     -3.15104  eV     1   --> A              
     e( 19 - 19) =     -2.56941  eV     1   --> A              
     e( 20 - 20) =     -2.02218  eV     1   --> A              
     e( 21 - 21) =      0.53849  eV     1   --> A              
     e( 22 - 22) =      1.38767  eV     1   --> A              
     e( 23 - 23) =      1.56980  eV     1   --> A              
     e( 24 - 24) =      1.94079  eV     1   --> A              

 **************************************************************************

 **************************************************************************

                    xk=(   0.16667,   0.28868,   0.00000  )

     Band symmetry, C_1 (1)     point group:

     e(  1 -  1) =    -58.00595  eV     1   --> A              
     e(  2 -  2) =    -57.98890  eV     1   --> A              
     e(  3 -  3) =    -34.38746  eV     1   --> A              
     e(  4 -  4) =    -34.36743  eV     1   --> A              
     e(  5 -  5) =    -34.30506  eV     1   --> A              
     e(  6 -  6) =    -34.18117  eV     1   --> A              
     e(  7 -  7) =    -34.17025  eV     1   --> A              
     e(  8 -  8) =    -34.14590  eV     1   --> A              
     e(  9 -  9) =    -18.82131  eV     1   --> A              
     e( 10 - 10) =    -18.80270  eV     1   --> A              
     e( 11 - 11) =    -10.81376  eV     1   --> A              
     e( 12 - 12) =     -5.87582  eV     1   --> A              
     e( 13 - 13) =     -5.52871  eV     1   --> A              
     e( 14 - 14) =     -5.24157  eV     1   --> A              
     e( 15 - 15) =     -4.82327  eV     1   --> A              
     e( 16 - 16) =     -4.72480  eV     1   --> A              
     e( 17 - 17) =     -4.19355  eV     1   --> A              
     e( 18 - 18) =     -3.11307  eV     1   --> A              
     e( 19 - 19) =     -2.41004  eV     1   --> A              
     e( 20 - 20) =     -1.82633  eV     1   --> A              
     e( 21 - 21) =      0.49001  eV     1   --> A              
     e( 22 - 22) =      1.34771  eV     1   --> A              
     e( 23 - 23) =      1.57976  eV     1   --> A              
     e( 24 - 24) =      1.89846  eV     1   --> A              

 **************************************************************************

 **************************************************************************

                    xk=(   0.15000,   0.25981,   0.00000  )

     Band symmetry, C_1 (1)     point group:

     e(  1 -  1) =    -58.01204  eV     1   --> A              
     e(  2 -  2) =    -57.99351  eV     1   --> A              
     e(  3 -  3) =    -34.35518  eV     1   --> A              
     e(  4 -  4) =    -34.33492  eV     1   --> A              
     e(  5 -  5) =    -34.31502  eV     1   --> A              
     e(  6 -  7) =    -34.16416  eV     2   -->   2 A              
     e(  8 -  8) =    -34.13729  eV     1   --> A              
     e(  9 -  9) =    -18.86641  eV     1   --> A              
     e( 10 - 10) =    -18.84131  eV     1   --> A              
     e( 11 - 11) =    -10.92424  eV     1   --> A              
     e( 12 - 12) =     -5.86944  eV     1   --> A              
     e( 13 - 13) =     -5.52504  eV     1   --> A              
     e( 14 - 14) =     -5.31477  eV     1   --> A              
     e( 15 - 15) =     -4.80686  eV     1   --> A              
     e( 16 - 16) =     -4.79981  eV     1   --> A              
     e( 17 - 17) =     -4.13012  eV     1   --> A              
     e( 18 - 18) =     -2.99602  eV     1   --> A              
     e( 19 - 19) =     -2.23015  eV     1   --> A              
     e( 20 - 20) =     -1.63940  eV     1   --> A              
     e( 21 - 21) =      0.45233  eV     1   --> A              
     e( 22 - 22) =      1.29089  eV     1   --> A              
     e( 23 - 23) =      1.57277  eV     1   --> A              
     e( 24 - 24) =      1.84201  eV     1   --> A              

 **************************************************************************

 **************************************************************************

                    xk=(   0.13333,   0.23094,   0.00000  )

     Band symmetry, C_1 (1)     point group:

     e(  1 -  1) =    -58.01808  eV     1   --> A              
     e(  2 -  2) =    -57.99817  eV     1   --> A              
     e(  3 -  3) =    -34.33744  eV     1   --> A              
     e(  4 -  4) =    -34.32170  eV     1   --> A              
     e(  5 -  5) =    -34.28748  eV     1   --> A              
     e(  6 -  6) =    -34.16168  eV     1   --> A              
     e(  7 -  7) =    -34.14895  eV     1   --> A              
     e(  8 -  8) =    -34.12623  eV     1   --> A              
     e(  9 -  9) =    -18.91360  eV     1   --> A              
     e( 10 - 10) =    -18.88107  eV     1   --> A              
     e( 11 - 11) =    -11.02132  eV     1   --> A              
     e( 12 - 12) =     -5.86001  eV     1   --> A              
     e( 13 - 13) =     -5.52227  eV     1   --> A              
     e( 14 - 14) =     -5.37471  eV     1   --> A              
     e( 15 - 15) =     -4.88007  eV     1   --> A              
     e( 16 - 16) =     -4.81316  eV     1   --> A              
     e( 17 - 17) =     -4.12216  eV     1   --> A              
     e( 18 - 18) =     -2.78459  eV     1   --> A              
     e( 19 - 19) =     -2.03012  eV     1   --> A              
     e( 20 - 20) =     -1.47108  eV     1   --> A              
     e( 21 - 21) =      0.43356  eV     1   --> A              
     e( 22 - 22) =      1.22152  eV     1   --> A              
     e( 23 - 23) =      1.54301  eV     1   --> A              
     e( 24 - 24) =      1.77049  eV     1   --> A              

 **************************************************************************

 **************************************************************************

                    xk=(   0.11667,   0.20207,   0.00000  )

     Band symmetry, C_1 (1)     point group:

     e(  1 -  1) =    -58.02387  eV     1   --> A              
     e(  2 -  2) =    -58.00270  eV     1   --> A              
     e(  3 -  3) =    -34.35011  eV     1   --> A              
     e(  4 -  4) =    -34.28902  eV     1   --> A              
     e(  5 -  5) =    -34.24846  eV     1   --> A              
     e(  6 -  6) =    -34.15957  eV     1   --> A              
     e(  7 -  7) =    -34.13561  eV     1   --> A              
     e(  8 -  8) =    -34.11526  eV     1   --> A              
     e(  9 -  9) =    -18.96146  eV     1   --> A              
     e( 10 - 10) =    -18.92082  eV     1   --> A              
     e( 11 - 11) =    -11.10416  eV     1   --> A              
     e( 12 - 12) =     -5.86255  eV     1   --> A              
     e( 13 - 13) =     -5.51470  eV     1   --> A              
     e( 14 - 14) =     -5.40212  eV     1   --> A              
     e( 15 - 15) =     -4.95992  eV     1   --> A              
     e( 16 - 16) =     -4.82967  eV     1   --> A              
     e( 17 - 17) =     -4.16667  eV     1   --> A              
     e( 18 - 18) =     -2.49564  eV     1   --> A              
     e( 19 - 19) =     -1.81250  eV     1   --> A              
     e( 20 - 20) =     -1.33283  eV     1   --> A              
     e( 21 - 21) =      0.43779  eV     1   --> A              
     e( 22 - 22) =      1.14737  eV     1   --> A              
     e( 23 - 23) =      1.49102  eV     1   --> A              
     e( 24 - 24) =      1.67730  eV     1   --> A              

 **************************************************************************

 **************************************************************************

                    xk=(   0.10000,   0.17321,   0.00000  )

     Band symmetry, C_1 (1)     point group:

     e(  1 -  1) =    -58.02931  eV     1   --> A              
     e(  2 -  2) =    -58.00705  eV     1   --> A              
     e(  3 -  3) =    -34.36235  eV     1   --> A              
     e(  4 -  4) =    -34.25989  eV     1   --> A              
     e(  5 -  5) =    -34.20990  eV     1   --> A              
     e(  6 -  6) =    -34.15552  eV     1   --> A              
     e(  7 -  7) =    -34.12414  eV     1   --> A              
     e(  8 -  8) =    -34.10539  eV     1   --> A              
     e(  9 -  9) =    -19.00834  eV     1   --> A              
     e( 10 - 10) =    -18.95929  eV     1   --> A              
     e( 11 - 11) =    -11.17288  eV     1   --> A              
     e( 12 - 12) =     -5.89306  eV     1   --> A              
     e( 13 - 13) =     -5.50089  eV     1   --> A              
     e( 14 - 14) =     -5.38337  eV     1   --> A              
     e( 15 - 15) =     -5.03632  eV     1   --> A              
     e( 16 - 16) =     -4.85246  eV     1   --> A              
     e( 17 - 17) =     -4.24695  eV     1   --> A              
     e( 18 - 18) =     -2.15849  eV     1   --> A              
     e( 19 - 19) =     -1.58362  eV     1   --> A              
     e( 20 - 20) =     -1.23733  eV     1   --> A              
     e( 21 - 21) =      0.46295  eV     1   --> A              
     e( 22 - 22) =      1.07178  eV     1   --> A              
     e( 23 - 23) =      1.41296  eV     1   --> A              
     e( 24 - 24) =      1.55503  eV     1   --> A              

 **************************************************************************

 **************************************************************************

                    xk=(   0.08333,   0.14434,   0.00000  )

     Band symmetry, C_1 (1)     point group:

     e(  1 -  1) =    -58.03422  eV     1   --> A              
     e(  2 -  2) =    -58.01100  eV     1   --> A              
     e(  3 -  3) =    -34.37337  eV     1   --> A              
     e(  4 -  4) =    -34.23730  eV     1   --> A              
     e(  5 -  5) =    -34.17385  eV     1   --> A              
     e(  6 -  6) =    -34.14743  eV     1   --> A              
     e(  7 -  7) =    -34.11449  eV     1   --> A              
     e(  8 -  8) =    -34.09693  eV     1   --> A              
     e(  9 -  9) =    -19.05238  eV     1   --> A              
     e( 10 - 10) =    -18.99506  eV     1   --> A              
     e( 11 - 11) =    -11.22815  eV     1   --> A              
     e( 12 - 12) =     -5.94613  eV     1   --> A              
     e( 13 - 13) =     -5.47748  eV     1   --> A              
     e( 14 - 14) =     -5.32508  eV     1   --> A              
     e( 15 - 15) =     -5.10227  eV     1   --> A              
     e( 16 - 16) =     -4.87680  eV     1   --> A              
     e( 17 - 17) =     -4.34679  eV     1   --> A              
     e( 18 - 18) =     -1.79484  eV     1   --> A              
     e( 19 - 19) =     -1.35714  eV     1   --> A              
     e( 20 - 20) =     -1.18134  eV     1   --> A              
     e( 21 - 21) =      0.50640  eV     1   --> A              
     e( 22 - 22) =      0.99958  eV     1   --> A              
     e( 23 - 23) =      1.31282  eV     1   --> A              
     e( 24 - 24) =      1.41417  eV     1   --> A              

 **************************************************************************

 **************************************************************************

                    xk=(   0.06667,   0.11547,   0.00000  )

     Band symmetry, C_1 (1)     point group:

     e(  1 -  1) =    -58.03844  eV     1   --> A              
     e(  2 -  2) =    -58.01444  eV     1   --> A              
     e(  3 -  3) =    -34.38283  eV     1   --> A              
     e(  4 -  4) =    -34.22297  eV     1   --> A              
     e(  5 -  5) =    -34.14199  eV     1   --> A              
     e(  6 -  6) =    -34.13469  eV     1   --> A              
     e(  7 -  7) =    -34.10658  eV     1   --> A              
     e(  8 -  8) =    -34.09000  eV     1   --> A              
     e(  9 -  9) =    -19.09168  eV     1   --> A              
     e( 10 - 10) =    -19.02673  eV     1   --> A              
     e( 11 - 11) =    -11.27101  eV     1   --> A              
     e( 12 - 12) =     -6.00685  eV     1   --> A              
     e( 13 - 13) =     -5.44478  eV     1   --> A              
     e( 14 - 14) =     -5.26123  eV     1   --> A              
     e( 15 - 15) =     -5.13973  eV     1   --> A              
     e( 16 - 16) =     -4.90000  eV     1   --> A              
     e( 17 - 17) =     -4.45431  eV     1   --> A              
     e( 18 - 18) =     -1.42218  eV     1   --> A              
     e( 19 - 19) =     -1.25121  eV     1   --> A              
     e( 20 - 20) =     -1.05034  eV     1   --> A              
     e( 21 - 21) =      0.55977  eV     1   --> A              
     e( 22 - 22) =      0.91242  eV     1   --> A              
     e( 23 - 23) =      1.19785  eV     1   --> A              
     e( 24 - 24) =      1.28376  eV     1   --> A              

 **************************************************************************

 **************************************************************************

                    xk=(   0.05000,   0.08660,   0.00000  )

     Band symmetry, C_1 (1)     point group:

     e(  1 -  1) =    -58.04187  eV     1   --> A              
     e(  2 -  2) =    -58.01725  eV     1   --> A              
     e(  3 -  3) =    -34.39046  eV     1   --> A              
     e(  4 -  4) =    -34.21553  eV     1   --> A              
     e(  5 -  5) =    -34.11974  eV     1   --> A              
     e(  6 -  6) =    -34.11590  eV     1   --> A              
     e(  7 -  7) =    -34.10019  eV     1   --> A              
     e(  8 -  8) =    -34.08469  eV     1   --> A              
     e(  9 -  9) =    -19.12446  eV     1   --> A              
     e( 10 - 10) =    -19.05297  eV     1   --> A              
     e( 11 - 11) =    -11.30269  eV     1   --> A              
     e( 12 - 12) =     -6.06363  eV     1   --> A              
     e( 13 - 13) =     -5.40440  eV     1   --> A              
     e( 14 - 14) =     -5.25692  eV     1   --> A              
     e( 15 - 15) =     -5.09965  eV     1   --> A              
     e( 16 - 16) =     -4.92100  eV     1   --> A              
     e( 17 - 17) =     -4.56020  eV     1   --> A              
     e( 18 - 18) =     -1.28477  eV     1   --> A              
     e( 19 - 19) =     -1.05591  eV     1   --> A              
     e( 20 - 20) =     -0.81749  eV     1   --> A              
     e( 21 - 21) =      0.59614  eV     1   --> A              
     e( 22 - 22) =      0.77895  eV     1   --> A              
     e( 23 - 23) =      1.08810  eV     1   --> A              
     e( 24 - 24) =      1.20052  eV     1   --> A              

 **************************************************************************

 **************************************************************************

                    xk=(   0.03333,   0.05774,   0.00000  )

     Band symmetry, C_1 (1)     point group:

     e(  1 -  1) =    -58.04441  eV     1   --> A              
     e(  2 -  2) =    -58.01933  eV     1   --> A              
     e(  3 -  3) =    -34.39603  eV     1   --> A              
     e(  4 -  4) =    -34.21211  eV     1   --> A              
     e(  5 -  5) =    -34.10631  eV     1   --> A              
     e(  6 -  6) =    -34.09930  eV     1   --> A              
     e(  7 -  7) =    -34.09273  eV     1   --> A              
     e(  8 -  8) =    -34.08101  eV     1   --> A              
     e(  9 -  9) =    -19.14912  eV     1   --> A              
     e( 10 - 10) =    -19.07263  eV     1   --> A              
     e( 11 - 11) =    -11.32433  eV     1   --> A              
     e( 12 - 12) =     -6.10810  eV     1   --> A              
     e( 13 - 13) =     -5.36076  eV     1   --> A              
     e( 14 - 14) =     -5.28291  eV     1   --> A              
     e( 15 - 15) =     -5.02760  eV     1   --> A              
     e( 16 - 16) =     -4.93817  eV     1   --> A              
     e( 17 - 17) =     -4.65264  eV     1   --> A              
     e( 18 - 18) =     -1.34262  eV     1   --> A              
     e( 19 - 19) =     -0.71272  eV     1   --> A              
     e( 20 - 20) =     -0.58348  eV     1   --> A              
     e( 21 - 21) =      0.55904  eV     1   --> A              
     e( 22 - 22) =      0.60516  eV     1   --> A              
     e( 23 - 23) =      1.04321  eV     1   --> A              
     e( 24 - 24) =      1.16896  eV     1   --> A              

 **************************************************************************

 **************************************************************************

                    xk=(   0.01667,   0.02887,   0.00000  )

     Band symmetry, C_1 (1)     point group:

     e(  1 -  1) =    -58.04593  eV     1   --> A              
     e(  2 -  2) =    -58.02060  eV     1   --> A              
     e(  3 -  3) =    -34.39944  eV     1   --> A              
     e(  4 -  4) =    -34.21070  eV     1   --> A              
     e(  5 -  5) =    -34.09718  eV     1   --> A              
     e(  6 -  6) =    -34.09496  eV     1   --> A              
     e(  7 -  7) =    -34.08224  eV     1   --> A              
     e(  8 -  8) =    -34.07893  eV     1   --> A              
     e(  9 -  9) =    -19.16443  eV     1   --> A              
     e( 10 - 10) =    -19.08480  eV     1   --> A              
     e( 11 - 11) =    -11.33692  eV     1   --> A              
     e( 12 - 12) =     -6.13608  eV     1   --> A              
     e( 13 - 13) =     -5.32430  eV     1   --> A              
     e( 14 - 14) =     -5.30250  eV     1   --> A              
     e( 15 - 15) =     -4.97224  eV     1   --> A              
     e( 16 - 16) =     -4.94905  eV     1   --> A              
     e( 17 - 17) =     -4.71835  eV     1   --> A              
     e( 18 - 18) =     -1.39082  eV     1   --> A              
     e( 19 - 19) =     -0.42624  eV     1   --> A              
     e( 20 - 20) =     -0.38401  eV     1   --> A              
     e( 21 - 21) =      0.43794  eV     1   --> A              
     e( 22 - 22) =      0.43814  eV     1   --> A              
     e( 23 - 23) =      1.08793  eV     1   --> A              
     e( 24 - 24) =      1.15960  eV     1   --> A              

 **************************************************************************

 **************************************************************************

                    xk=(   0.00000,   0.00000,   0.00000  )

     Band symmetry, C_1 (1)     point group:

     e(  1 -  1) =    -58.04645  eV     1   --> A              
     e(  2 -  2) =    -58.02101  eV     1   --> A              
     e(  3 -  3) =    -34.40058  eV     1   --> A              
     e(  4 -  4) =    -34.21033  eV     1   --> A              
     e(  5 -  6) =    -34.09392  eV     2   -->   2 A              
     e(  7 -  8) =    -34.07827  eV     2   -->   2 A              
     e(  9 -  9) =    -19.16963  eV     1   --> A              
     e( 10 - 10) =    -19.08892  eV     1   --> A              
     e( 11 - 11) =    -11.34104  eV     1   --> A              
     e( 12 - 12) =     -6.14554  eV     1   --> A              
     e( 13 - 14) =     -5.30888  eV     2   -->   2 A              
     e( 15 - 16) =     -4.95330  eV     2   -->   2 A              
     e( 17 - 17) =     -4.74323  eV     1   --> A              
     e( 18 - 18) =     -1.40923  eV     1   --> A              
     e( 19 - 20) =     -0.29236  eV     2   -->   2 A              
     e( 21 - 22) =      0.35524  eV     2   -->   2 A              
     e( 23 - 24) =      1.15909  eV     2   -->   2 A              

 **************************************************************************

     BANDS        :      5.97s CPU      7.61s WALL


   This run was terminated on:  15: 7:44  22Sep2026            

=------------------------------------------------------------------------------=
   JOB DONE.
=------------------------------------------------------------------------------=
