
     Program BANDS v.7.5 starts on 22Sep2026 at 14:51: 1 

     This program is part of the open-source Quantum ESPRESSO suite
     for quantum simulation of materials; please cite
         "P. Giannozzi et al., J. Phys.:Condens. Matter 21 395502 (2009);
         "P. Giannozzi et al., J. Phys.:Condens. Matter 29 465901 (2017);
         "P. Giannozzi et al., J. Chem. Phys. 152 154105 (2020);
          URL http://www.quantum-espresso.org", 
     in publications or presentations arising from this work. More details at
     http://www.quantum-espresso.org/quote

     Parallel version (MPI), running on     1 processors

     MPI processes distributed on     1 nodes
     6394 MiB available memory on the printing compute node when the environment starts


     Reading xml data from directory:

     ./tmp/ti2coh2.save/
     file Ti.pbe-spn-kjpaw_psl.1.0.0.UPF: wavefunction(s)  3S 3P 3D renormalized
     file C.pbe-n-kjpaw_psl.1.0.0.UPF: wavefunction(s)  2S 2P renormalized
     file O.pbe-n-kjpaw_psl.1.0.0.UPF: wavefunction(s)  2S 2P renormalized
     file H.pbe-kjpaw_psl.1.0.0.UPF: wavefunction(s)  1S renormalized

     IMPORTANT: XC functional enforced from input :
     Exchange-correlation= PBE
                           (   1   4   3   4   0   0   0)
     Any further DFT definition will be discarded
     Please, verify this is what you really want


     G-vector sticks info
     --------------------
     sticks:   dense  smooth     PW     G-vecs:    dense   smooth      PW
     Sum         745     367    121               125043    44215    7697

     Using Slab Decomposition


     Check: negative core charge=   -0.000005

     negative rho (up, down):  8.113E-04 0.000E+00
     Reading collected, re-writing distributed wavefunctions
     high-symmetry point:  0.0000 0.0000 0.0000   x coordinate   0.0000
     high-symmetry point: -0.3333 0.5773 0.0000   x coordinate   0.6667
     high-symmetry point:  0.3333 0.5773 0.0000   x coordinate   1.3333
     high-symmetry point:  0.0000 0.0000 0.0000   x coordinate   2.0000

     Plottable bands (eV) written to file ti2coh2.bands.gnu
     Bands written to file ti2coh2.bands

 **************************************************************************

                    xk=(   0.00000,   0.00000,   0.00000  )

     point group C_1 (1)    
     there are  1 classes
     the character table:

       E    
A      1.00

     the symmetry operations in each class and the name of the first element:

     E        1
                                                                 

     Band symmetry, C_1 (1)     point group:

     e(  1 -  1) =    -55.06132  eV     1   --> A              
     e(  2 -  2) =    -54.99426  eV     1   --> A              
     e(  3 -  3) =    -31.57436  eV     1   --> A              
     e(  4 -  4) =    -31.21194  eV     1   --> A              
     e(  5 -  5) =    -31.12496  eV     1   --> A              
     e(  6 -  6) =    -31.12431  eV     1   --> A              
     e(  7 -  7) =    -31.07887  eV     1   --> A              
     e(  8 -  8) =    -31.07871  eV     1   --> A              
     e(  9 -  9) =    -19.33801  eV     1   --> A              
     e( 10 - 10) =    -19.31293  eV     1   --> A              
     e( 11 - 11) =     -9.57483  eV     1   --> A              
     e( 12 - 12) =     -7.49016  eV     1   --> A              
     e( 13 - 13) =     -6.49062  eV     1   --> A              
     e( 14 - 14) =     -2.68451  eV     1   --> A              
     e( 15 - 15) =     -2.68337  eV     1   --> A              
     e( 16 - 16) =     -2.38268  eV     1   --> A              
     e( 17 - 17) =     -2.38120  eV     1   --> A              
     e( 18 - 18) =     -1.70919  eV     1   --> A              
     e( 19 - 19) =      0.35618  eV     1   --> A              
     e( 20 - 20) =      0.35761  eV     1   --> A              
     e( 21 - 21) =      2.14303  eV     1   --> A              
     e( 22 - 22) =      2.36762  eV     1   --> A              
     e( 23 - 23) =      2.61075  eV     1   --> A              
     e( 24 - 24) =      2.61191  eV     1   --> A              
     e( 25 - 25) =      2.65392  eV     1   --> A              

 **************************************************************************

 **************************************************************************

                    xk=(  -0.01667,   0.02887,   0.00000  )

     Band symmetry, C_1 (1)     point group:

     e(  1 -  1) =    -55.06077  eV     1   --> A              
     e(  2 -  2) =    -54.99394  eV     1   --> A              
     e(  3 -  3) =    -31.57316  eV     1   --> A              
     e(  4 -  4) =    -31.21337  eV     1   --> A              
     e(  5 -  5) =    -31.12653  eV     1   --> A              
     e(  6 -  6) =    -31.12591  eV     1   --> A              
     e(  7 -  7) =    -31.08200  eV     1   --> A              
     e(  8 -  8) =    -31.07910  eV     1   --> A              
     e(  9 -  9) =    -19.33476  eV     1   --> A              
     e( 10 - 10) =    -19.31003  eV     1   --> A              
     e( 11 - 11) =     -9.56303  eV     1   --> A              
     e( 12 - 12) =     -7.48335  eV     1   --> A              
     e( 13 - 13) =     -6.49790  eV     1   --> A              
     e( 14 - 14) =     -2.68783  eV     1   --> A              
     e( 15 - 15) =     -2.68260  eV     1   --> A              
     e( 16 - 16) =     -2.42290  eV     1   --> A              
     e( 17 - 17) =     -2.38485  eV     1   --> A              
     e( 18 - 18) =     -1.67912  eV     1   --> A              
     e( 19 - 19) =      0.30911  eV     1   --> A              
     e( 20 - 20) =      0.34393  eV     1   --> A              
     e( 21 - 21) =      2.15645  eV     1   --> A              
     e( 22 - 22) =      2.37765  eV     1   --> A              
     e( 23 - 23) =      2.60254  eV     1   --> A              
     e( 24 - 24) =      2.62340  eV     1   --> A              
     e( 25 - 25) =      2.67805  eV     1   --> A              

 **************************************************************************

 **************************************************************************

                    xk=(  -0.03333,   0.05773,   0.00000  )

     Band symmetry, C_1 (1)     point group:

     e(  1 -  1) =    -55.05914  eV     1   --> A              
     e(  2 -  2) =    -54.99302  eV     1   --> A              
     e(  3 -  3) =    -31.56958  eV     1   --> A              
     e(  4 -  4) =    -31.21799  eV     1   --> A              
     e(  5 -  5) =    -31.13186  eV     1   --> A              
     e(  6 -  6) =    -31.12975  eV     1   --> A              
     e(  7 -  7) =    -31.09109  eV     1   --> A              
     e(  8 -  8) =    -31.08034  eV     1   --> A              
     e(  9 -  9) =    -19.32515  eV     1   --> A              
     e( 10 - 10) =    -19.30149  eV     1   --> A              
     e( 11 - 11) =     -9.52779  eV     1   --> A              
     e( 12 - 12) =     -7.46317  eV     1   --> A              
     e( 13 - 13) =     -6.51886  eV     1   --> A              
     e( 14 - 14) =     -2.70051  eV     1   --> A              
     e( 15 - 15) =     -2.67923  eV     1   --> A              
     e( 16 - 16) =     -2.52809  eV     1   --> A              
     e( 17 - 17) =     -2.39214  eV     1   --> A              
     e( 18 - 18) =     -1.60672  eV     1   --> A              
     e( 19 - 19) =      0.17660  eV     1   --> A              
     e( 20 - 20) =      0.30236  eV     1   --> A              
     e( 21 - 21) =      2.19494  eV     1   --> A              
     e( 22 - 22) =      2.40571  eV     1   --> A              
     e( 23 - 23) =      2.57923  eV     1   --> A              
     e( 24 - 24) =      2.63152  eV     1   --> A              
     e( 25 - 25) =      2.77129  eV     1   --> A              

 **************************************************************************

 **************************************************************************

                    xk=(  -0.05000,   0.08660,   0.00000  )

     Band symmetry, C_1 (1)     point group:

     e(  1 -  1) =    -55.05648  eV     1   --> A              
     e(  2 -  2) =    -54.99156  eV     1   --> A              
     e(  3 -  3) =    -31.56380  eV     1   --> A              
     e(  4 -  4) =    -31.22676  eV     1   --> A              
     e(  5 -  5) =    -31.13899  eV     1   --> A              
     e(  6 -  6) =    -31.13725  eV     1   --> A              
     e(  7 -  7) =    -31.10448  eV     1   --> A              
     e(  8 -  8) =    -31.08285  eV     1   --> A              
     e(  9 -  9) =    -19.30957  eV     1   --> A              
     e( 10 - 10) =    -19.28760  eV     1   --> A              
     e( 11 - 11) =     -9.46999  eV     1   --> A              
     e( 12 - 12) =     -7.43146  eV     1   --> A              
     e( 13 - 13) =     -6.55244  eV     1   --> A              
     e( 14 - 14) =     -2.72388  eV     1   --> A              
     e( 15 - 15) =     -2.70594  eV     1   --> A              
     e( 16 - 16) =     -2.63726  eV     1   --> A              
     e( 17 - 17) =     -2.40702  eV     1   --> A              
     e( 18 - 18) =     -1.51816  eV     1   --> A              
     e( 19 - 19) =     -0.01634  eV     1   --> A              
     e( 20 - 20) =      0.23381  eV     1   --> A              
     e( 21 - 21) =      2.25465  eV     1   --> A              
     e( 22 - 22) =      2.43304  eV     1   --> A              
     e( 23 - 23) =      2.56640  eV     1   --> A              
     e( 24 - 24) =      2.63890  eV     1   --> A              
     e( 25 - 25) =      2.91471  eV     1   --> A              

 **************************************************************************

 **************************************************************************

                    xk=(  -0.06667,   0.11547,   0.00000  )

     Band symmetry, C_1 (1)     point group:

     e(  1 -  1) =    -55.05286  eV     1   --> A              
     e(  2 -  2) =    -54.98959  eV     1   --> A              
     e(  3 -  3) =    -31.55603  eV     1   --> A              
     e(  4 -  4) =    -31.24072  eV     1   --> A              
     e(  5 -  5) =    -31.15113  eV     1   --> A              
     e(  6 -  6) =    -31.14590  eV     1   --> A              
     e(  7 -  7) =    -31.11872  eV     1   --> A              
     e(  8 -  8) =    -31.08689  eV     1   --> A              
     e(  9 -  9) =    -19.28857  eV     1   --> A              
     e( 10 - 10) =    -19.26876  eV     1   --> A              
     e( 11 - 11) =     -9.39088  eV     1   --> A              
     e( 12 - 12) =     -7.38910  eV     1   --> A              
     e( 13 - 13) =     -6.59600  eV     1   --> A              
     e( 14 - 14) =     -2.84999  eV     1   --> A              
     e( 15 - 15) =     -2.75897  eV     1   --> A              
     e( 16 - 16) =     -2.64719  eV     1   --> A              
     e( 17 - 17) =     -2.42965  eV     1   --> A              
     e( 18 - 18) =     -1.42853  eV     1   --> A              
     e( 19 - 19) =     -0.24268  eV     1   --> A              
     e( 20 - 20) =      0.14103  eV     1   --> A              
     e( 21 - 21) =      2.32652  eV     1   --> A              
     e( 22 - 22) =      2.41113  eV     1   --> A              
     e( 23 - 23) =      2.62165  eV     1   --> A              
     e( 24 - 24) =      2.65817  eV     1   --> A              
     e( 25 - 25) =      3.08735  eV     1   --> A              

 **************************************************************************

 **************************************************************************

                    xk=(  -0.08333,   0.14434,   0.00000  )

     Band symmetry, C_1 (1)     point group:

     e(  1 -  1) =    -55.04834  eV     1   --> A              
     e(  2 -  2) =    -54.98719  eV     1   --> A              
     e(  3 -  3) =    -31.54657  eV     1   --> A              
     e(  4 -  4) =    -31.26009  eV     1   --> A              
     e(  5 -  5) =    -31.17305  eV     1   --> A              
     e(  6 -  6) =    -31.15152  eV     1   --> A              
     e(  7 -  7) =    -31.13089  eV     1   --> A              
     e(  8 -  8) =    -31.09251  eV     1   --> A              
     e(  9 -  9) =    -19.26283  eV     1   --> A              
     e( 10 - 10) =    -19.24557  eV     1   --> A              
     e( 11 - 11) =     -9.29217  eV     1   --> A              
     e( 12 - 12) =     -7.33826  eV     1   --> A              
     e( 13 - 13) =     -6.64619  eV     1   --> A              
     e( 14 - 14) =     -3.01640  eV     1   --> A              
     e( 15 - 15) =     -2.81238  eV     1   --> A              
     e( 16 - 16) =     -2.64162  eV     1   --> A              
     e( 17 - 17) =     -2.45764  eV     1   --> A              
     e( 18 - 18) =     -1.34377  eV     1   --> A              
     e( 19 - 19) =     -0.48244  eV     1   --> A              
     e( 20 - 20) =      0.03026  eV     1   --> A              
     e( 21 - 21) =      2.35595  eV     1   --> A              
     e( 22 - 22) =      2.39505  eV     1   --> A              
     e( 23 - 23) =      2.71109  eV     1   --> A              
     e( 24 - 24) =      2.73981  eV     1   --> A              
     e( 25 - 25) =      3.27763  eV     1   --> A              

 **************************************************************************

 **************************************************************************

                    xk=(  -0.10000,   0.17320,   0.00000  )

     Band symmetry, C_1 (1)     point group:

     e(  1 -  1) =    -55.04308  eV     1   --> A              
     e(  2 -  2) =    -54.98446  eV     1   --> A              
     e(  3 -  3) =    -31.53595  eV     1   --> A              
     e(  4 -  4) =    -31.28406  eV     1   --> A              
     e(  5 -  5) =    -31.20082  eV     1   --> A              
     e(  6 -  6) =    -31.15580  eV     1   --> A              
     e(  7 -  7) =    -31.14187  eV     1   --> A              
     e(  8 -  8) =    -31.09968  eV     1   --> A              
     e(  9 -  9) =    -19.23329  eV     1   --> A              
     e( 10 - 10) =    -19.21880  eV     1   --> A              
     e( 11 - 11) =     -9.17619  eV     1   --> A              
     e( 12 - 12) =     -7.28211  eV     1   --> A              
     e( 13 - 13) =     -6.69982  eV     1   --> A              
     e( 14 - 14) =     -3.18258  eV     1   --> A              
     e( 15 - 15) =     -2.89075  eV     1   --> A              
     e( 16 - 16) =     -2.63962  eV     1   --> A              
     e( 17 - 17) =     -2.48778  eV     1   --> A              
     e( 18 - 18) =     -1.26777  eV     1   --> A              
     e( 19 - 19) =     -0.72163  eV     1   --> A              
     e( 20 - 20) =     -0.09317  eV     1   --> A              
     e( 21 - 21) =      2.29493  eV     1   --> A              
     e( 22 - 22) =      2.44013  eV     1   --> A              
     e( 23 - 23) =      2.81345  eV     1   --> A              
     e( 24 - 24) =      2.89917  eV     1   --> A              
     e( 25 - 25) =      3.47517  eV     1   --> A              

 **************************************************************************

 **************************************************************************

                    xk=(  -0.11667,   0.20207,   0.00000  )

     Band symmetry, C_1 (1)     point group:

     e(  1 -  1) =    -55.03724  eV     1   --> A              
     e(  2 -  2) =    -54.98154  eV     1   --> A              
     e(  3 -  3) =    -31.52474  eV     1   --> A              
     e(  4 -  4) =    -31.31116  eV     1   --> A              
     e(  5 -  5) =    -31.23134  eV     1   --> A              
     e(  6 -  6) =    -31.15937  eV     1   --> A              
     e(  7 -  7) =    -31.15313  eV     1   --> A              
     e(  8 -  8) =    -31.10818  eV     1   --> A              
     e(  9 -  9) =    -19.20096  eV     1   --> A              
     e( 10 - 10) =    -19.18927  eV     1   --> A              
     e( 11 - 11) =     -9.04576  eV     1   --> A              
     e( 12 - 12) =     -7.22289  eV     1   --> A              
     e( 13 - 13) =     -6.75336  eV     1   --> A              
     e( 14 - 14) =     -3.34337  eV     1   --> A              
     e( 15 - 15) =     -2.99983  eV     1   --> A              
     e( 16 - 16) =     -2.64575  eV     1   --> A              
     e( 17 - 17) =     -2.51647  eV     1   --> A              
     e( 18 - 18) =     -1.20057  eV     1   --> A              
     e( 19 - 19) =     -0.95230  eV     1   --> A              
     e( 20 - 20) =     -0.22272  eV     1   --> A              
     e( 21 - 21) =      2.23997  eV     1   --> A              
     e( 22 - 22) =      2.46858  eV     1   --> A              
     e( 23 - 23) =      2.96324  eV     1   --> A              
     e( 24 - 24) =      3.09548  eV     1   --> A              
     e( 25 - 25) =      3.66991  eV     1   --> A              

 **************************************************************************

 **************************************************************************

                    xk=(  -0.13333,   0.23094,   0.00000  )

     Band symmetry, C_1 (1)     point group:

     e(  1 -  1) =    -55.03090  eV     1   --> A              
     e(  2 -  2) =    -54.97849  eV     1   --> A              
     e(  3 -  3) =    -31.51378  eV     1   --> A              
     e(  4 -  4) =    -31.33969  eV     1   --> A              
     e(  5 -  5) =    -31.26200  eV     1   --> A              
     e(  6 -  6) =    -31.16524  eV     1   --> A              
     e(  7 -  7) =    -31.16308  eV     1   --> A              
     e(  8 -  8) =    -31.11764  eV     1   --> A              
     e(  9 -  9) =    -19.16679  eV     1   --> A              
     e( 10 - 10) =    -19.15783  eV     1   --> A              
     e( 11 - 11) =     -8.90397  eV     1   --> A              
     e( 12 - 12) =     -7.16304  eV     1   --> A              
     e( 13 - 13) =     -6.80319  eV     1   --> A              
     e( 14 - 14) =     -3.49276  eV     1   --> A              
     e( 15 - 15) =     -3.13463  eV     1   --> A              
     e( 16 - 16) =     -2.66165  eV     1   --> A              
     e( 17 - 17) =     -2.54317  eV     1   --> A              
     e( 18 - 18) =     -1.16710  eV     1   --> A              
     e( 19 - 19) =     -1.14237  eV     1   --> A              
     e( 20 - 20) =     -0.35225  eV     1   --> A              
     e( 21 - 21) =      2.20286  eV     1   --> A              
     e( 22 - 22) =      2.49166  eV     1   --> A              
     e( 23 - 23) =      3.14690  eV     1   --> A              
     e( 24 - 24) =      3.32713  eV     1   --> A              
     e( 25 - 25) =      3.85220  eV     1   --> A              

 **************************************************************************

 **************************************************************************

                    xk=(  -0.15000,   0.25981,   0.00000  )

     Band symmetry, C_1 (1)     point group:

     e(  1 -  1) =    -55.02425  eV     1   --> A              
     e(  2 -  2) =    -54.97548  eV     1   --> A              
     e(  3 -  3) =    -31.50426  eV     1   --> A              
     e(  4 -  4) =    -31.36812  eV     1   --> A              
     e(  5 -  5) =    -31.29049  eV     1   --> A              
     e(  6 -  6) =    -31.17834  eV     1   --> A              
     e(  7 -  7) =    -31.16792  eV     1   --> A              
     e(  8 -  8) =    -31.12749  eV     1   --> A              
     e(  9 -  9) =    -19.13194  eV     1   --> A              
     e( 10 - 10) =    -19.12543  eV     1   --> A              
     e( 11 - 11) =     -8.75472  eV     1   --> A              
     e( 12 - 12) =     -7.10533  eV     1   --> A              
     e( 13 - 13) =     -6.84671  eV     1   --> A              
     e( 14 - 14) =     -3.62802  eV     1   --> A              
     e( 15 - 15) =     -3.28800  eV     1   --> A              
     e( 16 - 16) =     -2.68999  eV     1   --> A              
     e( 17 - 17) =     -2.57323  eV     1   --> A              
     e( 18 - 18) =     -1.36261  eV     1   --> A              
     e( 19 - 19) =     -1.09347  eV     1   --> A              
     e( 20 - 20) =     -0.47833  eV     1   --> A              
     e( 21 - 21) =      2.18847  eV     1   --> A              
     e( 22 - 22) =      2.51744  eV     1   --> A              
     e( 23 - 23) =      3.34977  eV     1   --> A              
     e( 24 - 24) =      3.59198  eV     1   --> A              
     e( 25 - 25) =      4.00815  eV     1   --> A              

 **************************************************************************

 **************************************************************************

                    xk=(  -0.16667,   0.28867,   0.00000  )

     Band symmetry, C_1 (1)     point group:

     e(  1 -  1) =    -55.01751  eV     1   --> A              
     e(  2 -  2) =    -54.97266  eV     1   --> A              
     e(  3 -  3) =    -31.49761  eV     1   --> A              
     e(  4 -  4) =    -31.39516  eV     1   --> A              
     e(  5 -  5) =    -31.31454  eV     1   --> A              
     e(  6 -  6) =    -31.19233  eV     1   --> A              
     e(  7 -  7) =    -31.17500  eV     1   --> A              
     e(  8 -  8) =    -31.13695  eV     1   --> A              
     e(  9 -  9) =    -19.09741  eV     1   --> A              
     e( 10 - 10) =    -19.09305  eV     1   --> A              
     e( 11 - 11) =     -8.60229  eV     1   --> A              
     e( 12 - 12) =     -7.05198  eV     1   --> A              
     e( 13 - 13) =     -6.88204  eV     1   --> A              
     e( 14 - 14) =     -3.74819  eV     1   --> A              
     e( 15 - 15) =     -3.45099  eV     1   --> A              
     e( 16 - 16) =     -2.73125  eV     1   --> A              
     e( 17 - 17) =     -2.61409  eV     1   --> A              
     e( 18 - 18) =     -1.53516  eV     1   --> A              
     e( 19 - 19) =     -1.05517  eV     1   --> A              
     e( 20 - 20) =     -0.59961  eV     1   --> A              
     e( 21 - 21) =      2.20019  eV     1   --> A              
     e( 22 - 22) =      2.54697  eV     1   --> A              
     e( 23 - 23) =      3.55379  eV     1   --> A              
     e( 24 - 24) =      3.88720  eV     1   --> A              
     e( 25 - 25) =      4.13553  eV     1   --> A              

 **************************************************************************

 **************************************************************************

                    xk=(  -0.18333,   0.31754,   0.00000  )

     Band symmetry, C_1 (1)     point group:

     e(  1 -  1) =    -55.01075  eV     1   --> A              
     e(  2 -  2) =    -54.97008  eV     1   --> A              
     e(  3 -  3) =    -31.49507  eV     1   --> A              
     e(  4 -  4) =    -31.41951  eV     1   --> A              
     e(  5 -  5) =    -31.33223  eV     1   --> A              
     e(  6 -  6) =    -31.20675  eV     1   --> A              
     e(  7 -  7) =    -31.18504  eV     1   --> A              
     e(  8 -  8) =    -31.14531  eV     1   --> A              
     e(  9 -  9) =    -19.06413  eV     1   --> A              
     e( 10 - 10) =    -19.06147  eV     1   --> A              
     e( 11 - 11) =     -8.45134  eV     1   --> A              
     e( 12 - 12) =     -7.00341  eV     1   --> A              
     e( 13 - 13) =     -6.90632  eV     1   --> A              
     e( 14 - 14) =     -3.85034  eV     1   --> A              
     e( 15 - 15) =     -3.61109  eV     1   --> A              
     e( 16 - 16) =     -2.78403  eV     1   --> A              
     e( 17 - 17) =     -2.67150  eV     1   --> A              
     e( 18 - 18) =     -1.67847  eV     1   --> A              
     e( 19 - 19) =     -1.02936  eV     1   --> A              
     e( 20 - 20) =     -0.71099  eV     1   --> A              
     e( 21 - 21) =      2.24272  eV     1   --> A              
     e( 22 - 22) =      2.58536  eV     1   --> A              
     e( 23 - 23) =      3.73758  eV     1   --> A              
     e( 24 - 24) =      4.20951  eV     1   --> A              
     e( 25 - 25) =      4.26210  eV     1   --> A              

 **************************************************************************

 **************************************************************************

                    xk=(  -0.20000,   0.34641,   0.00000  )

     Band symmetry, C_1 (1)     point group:

     e(  1 -  1) =    -55.00415  eV     1   --> A              
     e(  2 -  2) =    -54.96785  eV     1   --> A              
     e(  3 -  3) =    -31.49689  eV     1   --> A              
     e(  4 -  4) =    -31.44022  eV     1   --> A              
     e(  5 -  5) =    -31.34324  eV     1   --> A              
     e(  6 -  6) =    -31.22085  eV     1   --> A              
     e(  7 -  7) =    -31.19805  eV     1   --> A              
     e(  8 -  8) =    -31.15260  eV     1   --> A              
     e(  9 -  9) =    -19.03301  eV     1   --> A              
     e( 10 - 10) =    -19.03147  eV     1   --> A              
     e( 11 - 11) =     -8.30695  eV     1   --> A              
     e( 12 - 12) =     -6.96118  eV     1   --> A              
     e( 13 - 13) =     -6.91828  eV     1   --> A              
     e( 14 - 14) =     -3.93303  eV     1   --> A              
     e( 15 - 15) =     -3.75976  eV     1   --> A              
     e( 16 - 16) =     -2.84711  eV     1   --> A              
     e( 17 - 17) =     -2.75022  eV     1   --> A              
     e( 18 - 18) =     -1.78753  eV     1   --> A              
     e( 19 - 19) =     -1.02868  eV     1   --> A              
     e( 20 - 20) =     -0.80008  eV     1   --> A              
     e( 21 - 21) =      2.31635  eV     1   --> A              
     e( 22 - 22) =      2.63266  eV     1   --> A              
     e( 23 - 23) =      3.88134  eV     1   --> A              
     e( 24 - 24) =      4.39287  eV     1   --> A              
     e( 25 - 25) =      4.53326  eV     1   --> A              

 **************************************************************************

 **************************************************************************

                    xk=(  -0.21667,   0.37528,   0.00000  )

     Band symmetry, C_1 (1)     point group:

     e(  1 -  1) =    -54.99784  eV     1   --> A              
     e(  2 -  2) =    -54.96607  eV     1   --> A              
     e(  3 -  3) =    -31.50156  eV     1   --> A              
     e(  4 -  4) =    -31.45655  eV     1   --> A              
     e(  5 -  5) =    -31.34963  eV     1   --> A              
     e(  6 -  6) =    -31.23342  eV     1   --> A              
     e(  7 -  7) =    -31.21329  eV     1   --> A              
     e(  8 -  8) =    -31.15943  eV     1   --> A              
     e(  9 -  9) =    -19.00490  eV     1   --> A              
     e( 10 - 10) =    -19.00364  eV     1   --> A              
     e( 11 - 11) =     -8.17421  eV     1   --> A              
     e( 12 - 12) =     -6.92408  eV     1   --> A              
     e( 13 - 13) =     -6.91775  eV     1   --> A              
     e( 14 - 14) =     -3.99596  eV     1   --> A              
     e( 15 - 15) =     -3.88763  eV     1   --> A              
     e( 16 - 16) =     -2.91977  eV     1   --> A              
     e( 17 - 17) =     -2.85302  eV     1   --> A              
     e( 18 - 18) =     -1.86135  eV     1   --> A              
     e( 19 - 19) =     -1.07673  eV     1   --> A              
     e( 20 - 20) =     -0.84422  eV     1   --> A              
     e( 21 - 21) =      2.41649  eV     1   --> A              
     e( 22 - 22) =      2.68800  eV     1   --> A              
     e( 23 - 23) =      3.98521  eV     1   --> A              
     e( 24 - 24) =      4.49930  eV     1   --> A              
     e( 25 - 25) =      4.62994  eV     1   --> A              

 **************************************************************************

 **************************************************************************

                    xk=(  -0.23333,   0.40414,   0.00000  )

     Band symmetry, C_1 (1)     point group:

     e(  1 -  1) =    -54.99195  eV     1   --> A              
     e(  2 -  2) =    -54.96481  eV     1   --> A              
     e(  3 -  3) =    -31.50650  eV     1   --> A              
     e(  4 -  4) =    -31.46806  eV     1   --> A              
     e(  5 -  5) =    -31.35524  eV     1   --> A              
     e(  6 -  6) =    -31.24266  eV     1   --> A              
     e(  7 -  7) =    -31.22992  eV     1   --> A              
     e(  8 -  8) =    -31.16638  eV     1   --> A              
     e(  9 -  9) =    -18.98030  eV     1   --> A              
     e( 10 - 10) =    -18.97879  eV     1   --> A              
     e( 11 - 11) =     -8.05779  eV     1   --> A              
     e( 12 - 12) =     -6.90632  eV     1   --> A              
     e( 13 - 13) =     -6.89316  eV     1   --> A              
     e( 14 - 14) =     -4.03802  eV     1   --> A              
     e( 15 - 15) =     -3.98803  eV     1   --> A              
     e( 16 - 16) =     -3.00024  eV     1   --> A              
     e( 17 - 17) =     -2.97469  eV     1   --> A              
     e( 18 - 18) =     -1.90354  eV     1   --> A              
     e( 19 - 19) =     -1.16782  eV     1   --> A              
     e( 20 - 20) =     -0.84848  eV     1   --> A              
     e( 21 - 21) =      2.54093  eV     1   --> A              
     e( 22 - 22) =      2.75284  eV     1   --> A              
     e( 23 - 23) =      4.06650  eV     1   --> A              
     e( 24 - 24) =      4.54813  eV     1   --> A              
     e( 25 - 25) =      4.63809  eV     1   --> A              

 **************************************************************************

 **************************************************************************

                    xk=(  -0.25000,   0.43301,   0.00000  )

     Band symmetry, C_1 (1)     point group:

     e(  1 -  1) =    -54.98659  eV     1   --> A              
     e(  2 -  2) =    -54.96413  eV     1   --> A              
     e(  3 -  3) =    -31.50932  eV     1   --> A              
     e(  4 -  4) =    -31.47463  eV     1   --> A              
     e(  5 -  5) =    -31.36375  eV     1   --> A              
     e(  6 -  6) =    -31.24722  eV     1   --> A              
     e(  7 -  7) =    -31.24687  eV     1   --> A              
     e(  8 -  8) =    -31.17382  eV     1   --> A              
     e(  9 -  9) =    -18.95935  eV     1   --> A              
     e( 10 - 10) =    -18.95763  eV     1   --> A              
     e( 11 - 11) =     -7.96077  eV     1   --> A              
     e( 12 - 12) =     -6.88727  eV     1   --> A              
     e( 13 - 13) =     -6.86848  eV     1   --> A              
     e( 14 - 14) =     -4.05983  eV     1   --> A              
     e( 15 - 15) =     -4.05522  eV     1   --> A              
     e( 16 - 16) =     -3.10635  eV     1   --> A              
     e( 17 - 17) =     -3.08802  eV     1   --> A              
     e( 18 - 18) =     -1.91991  eV     1   --> A              
     e( 19 - 19) =     -1.27583  eV     1   --> A              
     e( 20 - 20) =     -0.83965  eV     1   --> A              
     e( 21 - 21) =      2.68657  eV     1   --> A              
     e( 22 - 22) =      2.82585  eV     1   --> A              
     e( 23 - 23) =      4.13636  eV     1   --> A              
     e( 24 - 24) =      4.52763  eV     1   --> A              
     e( 25 - 25) =      4.63742  eV     1   --> A              

 **************************************************************************

 **************************************************************************

                    xk=(  -0.26667,   0.46188,   0.00000  )

     Band symmetry, C_1 (1)     point group:

     e(  1 -  1) =    -54.98178  eV     1   --> A              
     e(  2 -  2) =    -54.96400  eV     1   --> A              
     e(  3 -  3) =    -31.50833  eV     1   --> A              
     e(  4 -  4) =    -31.47650  eV     1   --> A              
     e(  5 -  5) =    -31.37680  eV     1   --> A              
     e(  6 -  6) =    -31.26411  eV     1   --> A              
     e(  7 -  7) =    -31.24598  eV     1   --> A              
     e(  8 -  8) =    -31.18185  eV     1   --> A              
     e(  9 -  9) =    -18.94226  eV     1   --> A              
     e( 10 - 10) =    -18.94048  eV     1   --> A              
     e( 11 - 11) =     -7.88408  eV     1   --> A              
     e( 12 - 12) =     -6.86441  eV     1   --> A              
     e( 13 - 13) =     -6.84875  eV     1   --> A              
     e( 14 - 14) =     -4.08544  eV     1   --> A              
     e( 15 - 15) =     -4.05976  eV     1   --> A              
     e( 16 - 16) =     -3.23846  eV     1   --> A              
     e( 17 - 17) =     -3.18278  eV     1   --> A              
     e( 18 - 18) =     -1.91579  eV     1   --> A              
     e( 19 - 19) =     -1.38608  eV     1   --> A              
     e( 20 - 20) =     -0.82880  eV     1   --> A              
     e( 21 - 21) =      2.84955  eV     1   --> A              
     e( 22 - 22) =      2.90764  eV     1   --> A              
     e( 23 - 23) =      4.20369  eV     1   --> A              
     e( 24 - 24) =      4.44268  eV     1   --> A              
     e( 25 - 25) =      4.63538  eV     1   --> A              

 **************************************************************************

 **************************************************************************

                    xk=(  -0.28333,   0.49075,   0.00000  )

     Band symmetry, C_1 (1)     point group:

     e(  1 -  1) =    -54.97758  eV     1   --> A              
     e(  2 -  2) =    -54.96442  eV     1   --> A              
     e(  3 -  3) =    -31.50275  eV     1   --> A              
     e(  4 -  4) =    -31.47447  eV     1   --> A              
     e(  5 -  5) =    -31.39395  eV     1   --> A              
     e(  6 -  6) =    -31.27985  eV     1   --> A              
     e(  7 -  7) =    -31.24100  eV     1   --> A              
     e(  8 -  8) =    -31.19042  eV     1   --> A              
     e(  9 -  9) =    -18.92920  eV     1   --> A              
     e( 10 - 10) =    -18.92748  eV     1   --> A              
     e( 11 - 11) =     -7.82721  eV     1   --> A              
     e( 12 - 12) =     -6.84300  eV     1   --> A              
     e( 13 - 13) =     -6.83366  eV     1   --> A              
     e( 14 - 14) =     -4.07750  eV     1   --> A              
     e( 15 - 15) =     -4.04142  eV     1   --> A              
     e( 16 - 16) =     -3.36317  eV     1   --> A              
     e( 17 - 17) =     -3.28207  eV     1   --> A              
     e( 18 - 18) =     -1.89495  eV     1   --> A              
     e( 19 - 19) =     -1.49220  eV     1   --> A              
     e( 20 - 20) =     -0.81871  eV     1   --> A              
     e( 21 - 21) =      3.00017  eV     1   --> A              
     e( 22 - 22) =      3.02648  eV     1   --> A              
     e( 23 - 23) =      4.26680  eV     1   --> A              
     e( 24 - 24) =      4.29624  eV     1   --> A              
     e( 25 - 25) =      4.62748  eV     1   --> A              

 **************************************************************************

 **************************************************************************

                    xk=(  -0.30000,   0.51961,   0.00000  )

     Band symmetry, C_1 (1)     point group:

     e(  1 -  1) =    -54.97405  eV     1   --> A              
     e(  2 -  2) =    -54.96538  eV     1   --> A              
     e(  3 -  3) =    -31.49234  eV     1   --> A              
     e(  4 -  4) =    -31.47001  eV     1   --> A              
     e(  5 -  5) =    -31.41386  eV     1   --> A              
     e(  6 -  6) =    -31.29309  eV     1   --> A              
     e(  7 -  7) =    -31.23380  eV     1   --> A              
     e(  8 -  8) =    -31.19939  eV     1   --> A              
     e(  9 -  9) =    -18.92016  eV     1   --> A              
     e( 10 - 10) =    -18.91860  eV     1   --> A              
     e( 11 - 11) =     -7.78856  eV     1   --> A              
     e( 12 - 12) =     -6.82759  eV     1   --> A              
     e( 13 - 13) =     -6.82341  eV     1   --> A              
     e( 14 - 14) =     -4.03909  eV     1   --> A              
     e( 15 - 15) =     -4.00848  eV     1   --> A              
     e( 16 - 16) =     -3.47089  eV     1   --> A              
     e( 17 - 17) =     -3.38411  eV     1   --> A              
     e( 18 - 18) =     -1.86066  eV     1   --> A              
     e( 19 - 19) =     -1.59042  eV     1   --> A              
     e( 20 - 20) =     -0.81253  eV     1   --> A              
     e( 21 - 21) =      3.09780  eV     1   --> A              
     e( 22 - 22) =      3.21033  eV     1   --> A              
     e( 23 - 23) =      4.07569  eV     1   --> A              
     e( 24 - 24) =      4.34497  eV     1   --> A              
     e( 25 - 25) =      4.60509  eV     1   --> A              

 **************************************************************************

 **************************************************************************

                    xk=(  -0.31667,   0.54848,   0.00000  )

     Band symmetry, C_1 (1)     point group:

     e(  1 -  1) =    -54.97114  eV     1   --> A              
     e(  2 -  2) =    -54.96684  eV     1   --> A              
     e(  3 -  3) =    -31.47740  eV     1   --> A              
     e(  4 -  4) =    -31.46519  eV     1   --> A              
     e(  5 -  5) =    -31.43516  eV     1   --> A              
     e(  6 -  6) =    -31.30213  eV     1   --> A              
     e(  7 -  7) =    -31.22572  eV     1   --> A              
     e(  8 -  8) =    -31.20838  eV     1   --> A              
     e(  9 -  9) =    -18.91495  eV     1   --> A              
     e( 10 - 10) =    -18.91357  eV     1   --> A              
     e( 11 - 11) =     -7.76631  eV     1   --> A              
     e( 12 - 12) =     -6.81934  eV     1   --> A              
     e( 13 - 13) =     -6.81768  eV     1   --> A              
     e( 14 - 14) =     -3.98834  eV     1   --> A              
     e( 15 - 15) =     -3.96916  eV     1   --> A              
     e( 16 - 16) =     -3.54267  eV     1   --> A              
     e( 17 - 17) =     -3.47972  eV     1   --> A              
     e( 18 - 18) =     -1.81306  eV     1   --> A              
     e( 19 - 19) =     -1.67830  eV     1   --> A              
     e( 20 - 20) =     -0.80910  eV     1   --> A              
     e( 21 - 21) =      3.19542  eV     1   --> A              
     e( 22 - 22) =      3.39945  eV     1   --> A              
     e( 23 - 23) =      3.82524  eV     1   --> A              
     e( 24 - 24) =      4.41625  eV     1   --> A              
     e( 25 - 25) =      4.55737  eV     1   --> A              

 **************************************************************************

 **************************************************************************

                    xk=(  -0.33333,   0.57735,   0.00000  )

     Band symmetry, C_1 (1)     point group:

     e(  1 -  1) =    -54.96886  eV     1   --> A              
     e(  2 -  2) =    -54.96863  eV     1   --> A              
     e(  3 -  3) =    -31.46258  eV     1   --> A              
     e(  4 -  4) =    -31.46238  eV     1   --> A              
     e(  5 -  5) =    -31.45281  eV     1   --> A              
     e(  6 -  6) =    -31.30526  eV     1   --> A              
     e(  7 -  7) =    -31.21770  eV     1   --> A              
     e(  8 -  8) =    -31.21676  eV     1   --> A              
     e(  9 -  9) =    -18.91328  eV     1   --> A              
     e( 10 - 10) =    -18.91197  eV     1   --> A              
     e( 11 - 11) =     -7.75896  eV     1   --> A              
     e( 12 - 12) =     -6.81691  eV     1   --> A              
     e( 13 - 13) =     -6.81579  eV     1   --> A              
     e( 14 - 14) =     -3.96302  eV     1   --> A              
     e( 15 - 15) =     -3.94667  eV     1   --> A              
     e( 16 - 16) =     -3.54700  eV     1   --> A              
     e( 17 - 17) =     -3.54531  eV     1   --> A              
     e( 18 - 18) =     -1.75396  eV     1   --> A              
     e( 19 - 19) =     -1.75103  eV     1   --> A              
     e( 20 - 20) =     -0.80788  eV     1   --> A              
     e( 21 - 21) =      3.25718  eV     1   --> A              
     e( 22 - 22) =      3.58662  eV     1   --> A              
     e( 23 - 23) =      3.58892  eV     1   --> A              
     e( 24 - 24) =      4.48989  eV     1   --> A              
     e( 25 - 25) =      4.49076  eV     1   --> A              

 **************************************************************************

 **************************************************************************

                    xk=(  -0.30000,   0.57735,   0.00000  )

     Band symmetry, C_1 (1)     point group:

     e(  1 -  1) =    -54.97093  eV     1   --> A              
     e(  2 -  2) =    -54.96700  eV     1   --> A              
     e(  3 -  3) =    -31.48034  eV     1   --> A              
     e(  4 -  4) =    -31.46379  eV     1   --> A              
     e(  5 -  5) =    -31.43410  eV     1   --> A              
     e(  6 -  6) =    -31.30229  eV     1   --> A              
     e(  7 -  7) =    -31.22407  eV     1   --> A              
     e(  8 -  8) =    -31.20974  eV     1   --> A              
     e(  9 -  9) =    -18.91478  eV     1   --> A              
     e( 10 - 10) =    -18.91338  eV     1   --> A              
     e( 11 - 11) =     -7.76582  eV     1   --> A              
     e( 12 - 12) =     -6.81947  eV     1   --> A              
     e( 13 - 13) =     -6.81650  eV     1   --> A              
     e( 14 - 14) =     -3.98623  eV     1   --> A              
     e( 15 - 15) =     -3.97940  eV     1   --> A              
     e( 16 - 16) =     -3.54746  eV     1   --> A              
     e( 17 - 17) =     -3.47034  eV     1   --> A              
     e( 18 - 18) =     -1.81546  eV     1   --> A              
     e( 19 - 19) =     -1.67531  eV     1   --> A              
     e( 20 - 20) =     -0.80910  eV     1   --> A              
     e( 21 - 21) =      3.11815  eV     1   --> A              
     e( 22 - 22) =      3.53325  eV     1   --> A              
     e( 23 - 23) =      3.77020  eV     1   --> A              
     e( 24 - 24) =      4.41623  eV     1   --> A              
     e( 25 - 25) =      4.56332  eV     1   --> A              

 **************************************************************************

 **************************************************************************

                    xk=(  -0.26667,   0.57735,   0.00000  )

     Band symmetry, C_1 (1)     point group:

     e(  1 -  1) =    -54.97328  eV     1   --> A              
     e(  2 -  2) =    -54.96574  eV     1   --> A              
     e(  3 -  3) =    -31.50131  eV     1   --> A              
     e(  4 -  4) =    -31.46933  eV     1   --> A              
     e(  5 -  5) =    -31.40890  eV     1   --> A              
     e(  6 -  6) =    -31.29554  eV     1   --> A              
     e(  7 -  7) =    -31.22708  eV     1   --> A              
     e(  8 -  8) =    -31.20327  eV     1   --> A              
     e(  9 -  9) =    -18.91882  eV     1   --> A              
     e( 10 - 10) =    -18.91714  eV     1   --> A              
     e( 11 - 11) =     -7.78514  eV     1   --> A              
     e( 12 - 12) =     -6.82621  eV     1   --> A              
     e( 13 - 13) =     -6.81501  eV     1   --> A              
     e( 14 - 14) =     -4.06570  eV     1   --> A              
     e( 15 - 15) =     -4.03460  eV     1   --> A              
     e( 16 - 16) =     -3.48041  eV     1   --> A              
     e( 17 - 17) =     -3.34889  eV     1   --> A              
     e( 18 - 18) =     -1.86825  eV     1   --> A              
     e( 19 - 19) =     -1.57644  eV     1   --> A              
     e( 20 - 20) =     -0.81049  eV     1   --> A              
     e( 21 - 21) =      2.82534  eV     1   --> A              
     e( 22 - 22) =      3.62907  eV     1   --> A              
     e( 23 - 23) =      3.94160  eV     1   --> A              
     e( 24 - 24) =      4.35507  eV     1   --> A              
     e( 25 - 25) =      4.63949  eV     1   --> A              

 **************************************************************************

 **************************************************************************

                    xk=(  -0.23333,   0.57735,   0.00000  )

     Band symmetry, C_1 (1)     point group:

     e(  1 -  1) =    -54.97572  eV     1   --> A              
     e(  2 -  2) =    -54.96489  eV     1   --> A              
     e(  3 -  3) =    -31.52119  eV     1   --> A              
     e(  4 -  4) =    -31.47778  eV     1   --> A              
     e(  5 -  5) =    -31.38199  eV     1   --> A              
     e(  6 -  6) =    -31.29008  eV     1   --> A              
     e(  7 -  7) =    -31.22322  eV     1   --> A              
     e(  8 -  8) =    -31.19808  eV     1   --> A              
     e(  9 -  9) =    -18.92472  eV     1   --> A              
     e( 10 - 10) =    -18.92262  eV     1   --> A              
     e( 11 - 11) =     -7.81476  eV     1   --> A              
     e( 12 - 12) =     -6.83636  eV     1   --> A              
     e( 13 - 13) =     -6.81031  eV     1   --> A              
     e( 14 - 14) =     -4.17545  eV     1   --> A              
     e( 15 - 15) =     -4.08653  eV     1   --> A              
     e( 16 - 16) =     -3.37481  eV     1   --> A              
     e( 17 - 17) =     -3.21649  eV     1   --> A              
     e( 18 - 18) =     -1.91306  eV     1   --> A              
     e( 19 - 19) =     -1.45218  eV     1   --> A              
     e( 20 - 20) =     -0.81175  eV     1   --> A              
     e( 21 - 21) =      2.50968  eV     1   --> A              
     e( 22 - 22) =      3.75113  eV     1   --> A              
     e( 23 - 23) =      4.08260  eV     1   --> A              
     e( 24 - 24) =      4.32404  eV     1   --> A              
     e( 25 - 25) =      4.71245  eV     1   --> A              

 **************************************************************************

 **************************************************************************

                    xk=(  -0.20000,   0.57735,   0.00000  )

     Band symmetry, C_1 (1)     point group:

     e(  1 -  1) =    -54.97815  eV     1   --> A              
     e(  2 -  2) =    -54.96440  eV     1   --> A              
     e(  3 -  3) =    -31.53941  eV     1   --> A              
     e(  4 -  4) =    -31.48761  eV     1   --> A              
     e(  5 -  5) =    -31.35463  eV     1   --> A              
     e(  6 -  6) =    -31.28943  eV     1   --> A              
     e(  7 -  7) =    -31.21128  eV     1   --> A              
     e(  8 -  8) =    -31.19435  eV     1   --> A              
     e(  9 -  9) =    -18.93181  eV     1   --> A              
     e( 10 - 10) =    -18.92922  eV     1   --> A              
     e( 11 - 11) =     -7.85173  eV     1   --> A              
     e( 12 - 12) =     -6.84910  eV     1   --> A              
     e( 13 - 13) =     -6.80191  eV     1   --> A              
     e( 14 - 14) =     -4.28919  eV     1   --> A              
     e( 15 - 15) =     -4.13265  eV     1   --> A              
     e( 16 - 16) =     -3.25135  eV     1   --> A              
     e( 17 - 17) =     -3.09458  eV     1   --> A              
     e( 18 - 18) =     -1.95286  eV     1   --> A              
     e( 19 - 19) =     -1.29806  eV     1   --> A              
     e( 20 - 20) =     -0.81315  eV     1   --> A              
     e( 21 - 21) =      2.18899  eV     1   --> A              
     e( 22 - 22) =      3.88309  eV     1   --> A              
     e( 23 - 23) =      4.15259  eV     1   --> A              
     e( 24 - 24) =      4.36364  eV     1   --> A              
     e( 25 - 25) =      4.77797  eV     1   --> A              

 **************************************************************************

 **************************************************************************

                    xk=(  -0.16667,   0.57735,   0.00000  )

     Band symmetry, C_1 (1)     point group:

     e(  1 -  1) =    -54.98042  eV     1   --> A              
     e(  2 -  2) =    -54.96416  eV     1   --> A              
     e(  3 -  3) =    -31.55551  eV     1   --> A              
     e(  4 -  4) =    -31.49748  eV     1   --> A              
     e(  5 -  5) =    -31.32792  eV     1   --> A              
     e(  6 -  6) =    -31.29245  eV     1   --> A              
     e(  7 -  7) =    -31.19451  eV     1   --> A              
     e(  8 -  8) =    -31.19215  eV     1   --> A              
     e(  9 -  9) =    -18.93931  eV     1   --> A              
     e( 10 - 10) =    -18.93625  eV     1   --> A              
     e( 11 - 11) =     -7.89195  eV     1   --> A              
     e( 12 - 12) =     -6.86337  eV     1   --> A              
     e( 13 - 13) =     -6.79028  eV     1   --> A              
     e( 14 - 14) =     -4.39533  eV     1   --> A              
     e( 15 - 15) =     -4.17008  eV     1   --> A              
     e( 16 - 16) =     -3.12121  eV     1   --> A              
     e( 17 - 17) =     -2.99460  eV     1   --> A              
     e( 18 - 18) =     -1.99005  eV     1   --> A              
     e( 19 - 19) =     -1.11264  eV     1   --> A              
     e( 20 - 20) =     -0.81496  eV     1   --> A              
     e( 21 - 21) =      1.87306  eV     1   --> A              
     e( 22 - 22) =      4.02078  eV     1   --> A              
     e( 23 - 23) =      4.15531  eV     1   --> A              
     e( 24 - 24) =      4.46703  eV     1   --> A              
     e( 25 - 25) =      4.83669  eV     1   --> A              

 **************************************************************************

 **************************************************************************

                    xk=(  -0.13333,   0.57735,   0.00000  )

     Band symmetry, C_1 (1)     point group:

     e(  1 -  1) =    -54.98245  eV     1   --> A              
     e(  2 -  2) =    -54.96408  eV     1   --> A              
     e(  3 -  3) =    -31.56916  eV     1   --> A              
     e(  4 -  4) =    -31.50649  eV     1   --> A              
     e(  5 -  5) =    -31.30291  eV     1   --> A              
     e(  6 -  6) =    -31.29678  eV     1   --> A              
     e(  7 -  7) =    -31.19187  eV     1   --> A              
     e(  8 -  8) =    -31.17663  eV     1   --> A              
     e(  9 -  9) =    -18.94655  eV     1   --> A              
     e( 10 - 10) =    -18.94304  eV     1   --> A              
     e( 11 - 11) =     -7.93146  eV     1   --> A              
     e( 12 - 12) =     -6.87763  eV     1   --> A              
     e( 13 - 13) =     -6.77659  eV     1   --> A              
     e( 14 - 14) =     -4.48858  eV     1   --> A              
     e( 15 - 15) =     -4.19861  eV     1   --> A              
     e( 16 - 16) =     -2.99242  eV     1   --> A              
     e( 17 - 17) =     -2.92013  eV     1   --> A              
     e( 18 - 18) =     -2.02699  eV     1   --> A              
     e( 19 - 19) =     -0.89926  eV     1   --> A              
     e( 20 - 20) =     -0.81613  eV     1   --> A              
     e( 21 - 21) =      1.56692  eV     1   --> A              
     e( 22 - 22) =      4.13863  eV     1   --> A              
     e( 23 - 23) =      4.15691  eV     1   --> A              
     e( 24 - 24) =      4.58222  eV     1   --> A              
     e( 25 - 25) =      4.88499  eV     1   --> A              

 **************************************************************************

 **************************************************************************

                    xk=(  -0.10000,   0.57735,   0.00000  )

     Band symmetry, C_1 (1)     point group:

     e(  1 -  1) =    -54.98415  eV     1   --> A              
     e(  2 -  2) =    -54.96412  eV     1   --> A              
     e(  3 -  3) =    -31.58010  eV     1   --> A              
     e(  4 -  4) =    -31.51403  eV     1   --> A              
     e(  5 -  5) =    -31.30104  eV     1   --> A              
     e(  6 -  6) =    -31.28059  eV     1   --> A              
     e(  7 -  7) =    -31.19328  eV     1   --> A              
     e(  8 -  8) =    -31.16061  eV     1   --> A              
     e(  9 -  9) =    -18.95293  eV     1   --> A              
     e( 10 - 10) =    -18.94904  eV     1   --> A              
     e( 11 - 11) =     -7.96658  eV     1   --> A              
     e( 12 - 12) =     -6.89130  eV     1   --> A              
     e( 13 - 13) =     -6.76370  eV     1   --> A              
     e( 14 - 14) =     -4.56482  eV     1   --> A              
     e( 15 - 15) =     -4.21879  eV     1   --> A              
     e( 16 - 16) =     -2.87367  eV     1   --> A              
     e( 17 - 17) =     -2.86872  eV     1   --> A              
     e( 18 - 18) =     -2.06468  eV     1   --> A              
     e( 19 - 19) =     -0.81774  eV     1   --> A              
     e( 20 - 20) =     -0.66765  eV     1   --> A              
     e( 21 - 21) =      1.27301  eV     1   --> A              
     e( 22 - 22) =      4.11676  eV     1   --> A              
     e( 23 - 23) =      4.29047  eV     1   --> A              
     e( 24 - 24) =      4.69556  eV     1   --> A              
     e( 25 - 25) =      4.91618  eV     1   --> A              

 **************************************************************************

 **************************************************************************

                    xk=(  -0.06667,   0.57735,   0.00000  )

     Band symmetry, C_1 (1)     point group:

     e(  1 -  1) =    -54.98541  eV     1   --> A              
     e(  2 -  2) =    -54.96420  eV     1   --> A              
     e(  3 -  3) =    -31.58807  eV     1   --> A              
     e(  4 -  4) =    -31.51968  eV     1   --> A              
     e(  5 -  5) =    -31.30446  eV     1   --> A              
     e(  6 -  6) =    -31.26201  eV     1   --> A              
     e(  7 -  7) =    -31.19628  eV     1   --> A              
     e(  8 -  8) =    -31.14809  eV     1   --> A              
     e(  9 -  9) =    -18.95788  eV     1   --> A              
     e( 10 - 10) =    -18.95368  eV     1   --> A              
     e( 11 - 11) =     -7.99403  eV     1   --> A              
     e( 12 - 12) =     -6.90212  eV     1   --> A              
     e( 13 - 13) =     -6.75278  eV     1   --> A              
     e( 14 - 14) =     -4.62111  eV     1   --> A              
     e( 15 - 15) =     -4.23173  eV     1   --> A              
     e( 16 - 16) =     -2.83772  eV     1   --> A              
     e( 17 - 17) =     -2.77163  eV     1   --> A              
     e( 18 - 18) =     -2.10116  eV     1   --> A              
     e( 19 - 19) =     -0.81886  eV     1   --> A              
     e( 20 - 20) =     -0.43275  eV     1   --> A              
     e( 21 - 21) =      1.00058  eV     1   --> A              
     e( 22 - 22) =      4.09508  eV     1   --> A              
     e( 23 - 23) =      4.41183  eV     1   --> A              
     e( 24 - 24) =      4.79981  eV     1   --> A              
     e( 25 - 25) =      4.93108  eV     1   --> A              

 **************************************************************************

 **************************************************************************

                    xk=(  -0.03333,   0.57735,   0.00000  )

     Band symmetry, C_1 (1)     point group:

     e(  1 -  1) =    -54.98619  eV     1   --> A              
     e(  2 -  2) =    -54.96426  eV     1   --> A              
     e(  3 -  3) =    -31.59291  eV     1   --> A              
     e(  4 -  4) =    -31.52317  eV     1   --> A              
     e(  5 -  5) =    -31.30662  eV     1   --> A              
     e(  6 -  6) =    -31.24872  eV     1   --> A              
     e(  7 -  7) =    -31.19994  eV     1   --> A              
     e(  8 -  8) =    -31.14015  eV     1   --> A              
     e(  9 -  9) =    -18.96101  eV     1   --> A              
     e( 10 - 10) =    -18.95664  eV     1   --> A              
     e( 11 - 11) =     -8.01144  eV     1   --> A              
     e( 12 - 12) =     -6.90920  eV     1   --> A              
     e( 13 - 13) =     -6.74571  eV     1   --> A              
     e( 14 - 14) =     -4.65528  eV     1   --> A              
     e( 15 - 15) =     -4.23869  eV     1   --> A              
     e( 16 - 16) =     -2.82155  eV     1   --> A              
     e( 17 - 17) =     -2.70072  eV     1   --> A              
     e( 18 - 18) =     -2.13010  eV     1   --> A              
     e( 19 - 19) =     -0.81945  eV     1   --> A              
     e( 20 - 20) =     -0.22704  eV     1   --> A              
     e( 21 - 21) =      0.77624  eV     1   --> A              
     e( 22 - 22) =      4.07935  eV     1   --> A              
     e( 23 - 23) =      4.50508  eV     1   --> A              
     e( 24 - 24) =      4.88027  eV     1   --> A              
     e( 25 - 25) =      4.93062  eV     1   --> A              

 **************************************************************************

 **************************************************************************

                    xk=(   0.00000,   0.57735,   0.00000  )

     Band symmetry, C_1 (1)     point group:

     e(  1 -  1) =    -54.98646  eV     1   --> A              
     e(  2 -  2) =    -54.96429  eV     1   --> A              
     e(  3 -  3) =    -31.59454  eV     1   --> A              
     e(  4 -  4) =    -31.52436  eV     1   --> A              
     e(  5 -  5) =    -31.30737  eV     1   --> A              
     e(  6 -  6) =    -31.24357  eV     1   --> A              
     e(  7 -  7) =    -31.20184  eV     1   --> A              
     e(  8 -  8) =    -31.13744  eV     1   --> A              
     e(  9 -  9) =    -18.96208  eV     1   --> A              
     e( 10 - 10) =    -18.95764  eV     1   --> A              
     e( 11 - 11) =     -8.01747  eV     1   --> A              
     e( 12 - 12) =     -6.91163  eV     1   --> A              
     e( 13 - 13) =     -6.74326  eV     1   --> A              
     e( 14 - 14) =     -4.66694  eV     1   --> A              
     e( 15 - 15) =     -4.24087  eV     1   --> A              
     e( 16 - 16) =     -2.81626  eV     1   --> A              
     e( 17 - 17) =     -2.67514  eV     1   --> A              
     e( 18 - 18) =     -2.14164  eV     1   --> A              
     e( 19 - 19) =     -0.81984  eV     1   --> A              
     e( 20 - 20) =     -0.13301  eV     1   --> A              
     e( 21 - 21) =      0.67556  eV     1   --> A              
     e( 22 - 22) =      4.07306  eV     1   --> A              
     e( 23 - 23) =      4.54079  eV     1   --> A              
     e( 24 - 24) =      4.91041  eV     1   --> A              
     e( 25 - 25) =      4.92665  eV     1   --> A              

 **************************************************************************

 **************************************************************************

                    xk=(   0.03333,   0.57735,   0.00000  )

     Band symmetry, C_1 (1)     point group:

     e(  1 -  1) =    -54.98619  eV     1   --> A              
     e(  2 -  2) =    -54.96426  eV     1   --> A              
     e(  3 -  3) =    -31.59291  eV     1   --> A              
     e(  4 -  4) =    -31.52317  eV     1   --> A              
     e(  5 -  5) =    -31.30662  eV     1   --> A              
     e(  6 -  6) =    -31.24872  eV     1   --> A              
     e(  7 -  7) =    -31.19994  eV     1   --> A              
     e(  8 -  8) =    -31.14015  eV     1   --> A              
     e(  9 -  9) =    -18.96101  eV     1   --> A              
     e( 10 - 10) =    -18.95664  eV     1   --> A              
     e( 11 - 11) =     -8.01144  eV     1   --> A              
     e( 12 - 12) =     -6.90920  eV     1   --> A              
     e( 13 - 13) =     -6.74571  eV     1   --> A              
     e( 14 - 14) =     -4.65528  eV     1   --> A              
     e( 15 - 15) =     -4.23869  eV     1   --> A              
     e( 16 - 16) =     -2.82155  eV     1   --> A              
     e( 17 - 17) =     -2.70072  eV     1   --> A              
     e( 18 - 18) =     -2.13010  eV     1   --> A              
     e( 19 - 19) =     -0.81945  eV     1   --> A              
     e( 20 - 20) =     -0.22704  eV     1   --> A              
     e( 21 - 21) =      0.77624  eV     1   --> A              
     e( 22 - 22) =      4.07935  eV     1   --> A              
     e( 23 - 23) =      4.50508  eV     1   --> A              
     e( 24 - 24) =      4.88027  eV     1   --> A              
     e( 25 - 25) =      4.93062  eV     1   --> A              

 **************************************************************************

 **************************************************************************

                    xk=(   0.06667,   0.57735,   0.00000  )

     Band symmetry, C_1 (1)     point group:

     e(  1 -  1) =    -54.98541  eV     1   --> A              
     e(  2 -  2) =    -54.96420  eV     1   --> A              
     e(  3 -  3) =    -31.58807  eV     1   --> A              
     e(  4 -  4) =    -31.51968  eV     1   --> A              
     e(  5 -  5) =    -31.30446  eV     1   --> A              
     e(  6 -  6) =    -31.26201  eV     1   --> A              
     e(  7 -  7) =    -31.19628  eV     1   --> A              
     e(  8 -  8) =    -31.14809  eV     1   --> A              
     e(  9 -  9) =    -18.95788  eV     1   --> A              
     e( 10 - 10) =    -18.95368  eV     1   --> A              
     e( 11 - 11) =     -7.99403  eV     1   --> A              
     e( 12 - 12) =     -6.90212  eV     1   --> A              
     e( 13 - 13) =     -6.75278  eV     1   --> A              
     e( 14 - 14) =     -4.62111  eV     1   --> A              
     e( 15 - 15) =     -4.23173  eV     1   --> A              
     e( 16 - 16) =     -2.83772  eV     1   --> A              
     e( 17 - 17) =     -2.77163  eV     1   --> A              
     e( 18 - 18) =     -2.10116  eV     1   --> A              
     e( 19 - 19) =     -0.81886  eV     1   --> A              
     e( 20 - 20) =     -0.43275  eV     1   --> A              
     e( 21 - 21) =      1.00058  eV     1   --> A              
     e( 22 - 22) =      4.09508  eV     1   --> A              
     e( 23 - 23) =      4.41183  eV     1   --> A              
     e( 24 - 24) =      4.79981  eV     1   --> A              
     e( 25 - 25) =      4.93108  eV     1   --> A              

 **************************************************************************

 **************************************************************************

                    xk=(   0.10000,   0.57735,   0.00000  )

     Band symmetry, C_1 (1)     point group:

     e(  1 -  1) =    -54.98415  eV     1   --> A              
     e(  2 -  2) =    -54.96412  eV     1   --> A              
     e(  3 -  3) =    -31.58010  eV     1   --> A              
     e(  4 -  4) =    -31.51403  eV     1   --> A              
     e(  5 -  5) =    -31.30104  eV     1   --> A              
     e(  6 -  6) =    -31.28059  eV     1   --> A              
     e(  7 -  7) =    -31.19328  eV     1   --> A              
     e(  8 -  8) =    -31.16061  eV     1   --> A              
     e(  9 -  9) =    -18.95293  eV     1   --> A              
     e( 10 - 10) =    -18.94904  eV     1   --> A              
     e( 11 - 11) =     -7.96658  eV     1   --> A              
     e( 12 - 12) =     -6.89130  eV     1   --> A              
     e( 13 - 13) =     -6.76370  eV     1   --> A              
     e( 14 - 14) =     -4.56482  eV     1   --> A              
     e( 15 - 15) =     -4.21879  eV     1   --> A              
     e( 16 - 16) =     -2.87367  eV     1   --> A              
     e( 17 - 17) =     -2.86872  eV     1   --> A              
     e( 18 - 18) =     -2.06468  eV     1   --> A              
     e( 19 - 19) =     -0.81774  eV     1   --> A              
     e( 20 - 20) =     -0.66765  eV     1   --> A              
     e( 21 - 21) =      1.27301  eV     1   --> A              
     e( 22 - 22) =      4.11676  eV     1   --> A              
     e( 23 - 23) =      4.29047  eV     1   --> A              
     e( 24 - 24) =      4.69556  eV     1   --> A              
     e( 25 - 25) =      4.91618  eV     1   --> A              

 **************************************************************************

 **************************************************************************

                    xk=(   0.13333,   0.57735,   0.00000  )

     Band symmetry, C_1 (1)     point group:

     e(  1 -  1) =    -54.98245  eV     1   --> A              
     e(  2 -  2) =    -54.96408  eV     1   --> A              
     e(  3 -  3) =    -31.56916  eV     1   --> A              
     e(  4 -  4) =    -31.50649  eV     1   --> A              
     e(  5 -  5) =    -31.30291  eV     1   --> A              
     e(  6 -  6) =    -31.29678  eV     1   --> A              
     e(  7 -  7) =    -31.19187  eV     1   --> A              
     e(  8 -  8) =    -31.17663  eV     1   --> A              
     e(  9 -  9) =    -18.94655  eV     1   --> A              
     e( 10 - 10) =    -18.94304  eV     1   --> A              
     e( 11 - 11) =     -7.93146  eV     1   --> A              
     e( 12 - 12) =     -6.87763  eV     1   --> A              
     e( 13 - 13) =     -6.77659  eV     1   --> A              
     e( 14 - 14) =     -4.48858  eV     1   --> A              
     e( 15 - 15) =     -4.19861  eV     1   --> A              
     e( 16 - 16) =     -2.99242  eV     1   --> A              
     e( 17 - 17) =     -2.92013  eV     1   --> A              
     e( 18 - 18) =     -2.02699  eV     1   --> A              
     e( 19 - 19) =     -0.89926  eV     1   --> A              
     e( 20 - 20) =     -0.81613  eV     1   --> A              
     e( 21 - 21) =      1.56692  eV     1   --> A              
     e( 22 - 22) =      4.13863  eV     1   --> A              
     e( 23 - 23) =      4.15691  eV     1   --> A              
     e( 24 - 24) =      4.58222  eV     1   --> A              
     e( 25 - 25) =      4.88499  eV     1   --> A              

 **************************************************************************

 **************************************************************************

                    xk=(   0.16667,   0.57735,   0.00000  )

     Band symmetry, C_1 (1)     point group:

     e(  1 -  1) =    -54.98042  eV     1   --> A              
     e(  2 -  2) =    -54.96416  eV     1   --> A              
     e(  3 -  3) =    -31.55551  eV     1   --> A              
     e(  4 -  4) =    -31.49748  eV     1   --> A              
     e(  5 -  5) =    -31.32792  eV     1   --> A              
     e(  6 -  6) =    -31.29245  eV     1   --> A              
     e(  7 -  7) =    -31.19451  eV     1   --> A              
     e(  8 -  8) =    -31.19215  eV     1   --> A              
     e(  9 -  9) =    -18.93931  eV     1   --> A              
     e( 10 - 10) =    -18.93625  eV     1   --> A              
     e( 11 - 11) =     -7.89195  eV     1   --> A              
     e( 12 - 12) =     -6.86337  eV     1   --> A              
     e( 13 - 13) =     -6.79028  eV     1   --> A              
     e( 14 - 14) =     -4.39533  eV     1   --> A              
     e( 15 - 15) =     -4.17008  eV     1   --> A              
     e( 16 - 16) =     -3.12121  eV     1   --> A              
     e( 17 - 17) =     -2.99460  eV     1   --> A              
     e( 18 - 18) =     -1.99005  eV     1   --> A              
     e( 19 - 19) =     -1.11264  eV     1   --> A              
     e( 20 - 20) =     -0.81496  eV     1   --> A              
     e( 21 - 21) =      1.87306  eV     1   --> A              
     e( 22 - 22) =      4.02078  eV     1   --> A              
     e( 23 - 23) =      4.15531  eV     1   --> A              
     e( 24 - 24) =      4.46703  eV     1   --> A              
     e( 25 - 25) =      4.83669  eV     1   --> A              

 **************************************************************************

 **************************************************************************

                    xk=(   0.20000,   0.57735,   0.00000  )

     Band symmetry, C_1 (1)     point group:

     e(  1 -  1) =    -54.97815  eV     1   --> A              
     e(  2 -  2) =    -54.96440  eV     1   --> A              
     e(  3 -  3) =    -31.53941  eV     1   --> A              
     e(  4 -  4) =    -31.48761  eV     1   --> A              
     e(  5 -  5) =    -31.35463  eV     1   --> A              
     e(  6 -  6) =    -31.28943  eV     1   --> A              
     e(  7 -  7) =    -31.21128  eV     1   --> A              
     e(  8 -  8) =    -31.19435  eV     1   --> A              
     e(  9 -  9) =    -18.93181  eV     1   --> A              
     e( 10 - 10) =    -18.92922  eV     1   --> A              
     e( 11 - 11) =     -7.85173  eV     1   --> A              
     e( 12 - 12) =     -6.84910  eV     1   --> A              
     e( 13 - 13) =     -6.80191  eV     1   --> A              
     e( 14 - 14) =     -4.28919  eV     1   --> A              
     e( 15 - 15) =     -4.13265  eV     1   --> A              
     e( 16 - 16) =     -3.25135  eV     1   --> A              
     e( 17 - 17) =     -3.09458  eV     1   --> A              
     e( 18 - 18) =     -1.95286  eV     1   --> A              
     e( 19 - 19) =     -1.29806  eV     1   --> A              
     e( 20 - 20) =     -0.81315  eV     1   --> A              
     e( 21 - 21) =      2.18899  eV     1   --> A              
     e( 22 - 22) =      3.88309  eV     1   --> A              
     e( 23 - 23) =      4.15259  eV     1   --> A              
     e( 24 - 24) =      4.36364  eV     1   --> A              
     e( 25 - 25) =      4.77797  eV     1   --> A              

 **************************************************************************

 **************************************************************************

                    xk=(   0.23333,   0.57735,   0.00000  )

     Band symmetry, C_1 (1)     point group:

     e(  1 -  1) =    -54.97572  eV     1   --> A              
     e(  2 -  2) =    -54.96489  eV     1   --> A              
     e(  3 -  3) =    -31.52119  eV     1   --> A              
     e(  4 -  4) =    -31.47778  eV     1   --> A              
     e(  5 -  5) =    -31.38199  eV     1   --> A              
     e(  6 -  6) =    -31.29008  eV     1   --> A              
     e(  7 -  7) =    -31.22322  eV     1   --> A              
     e(  8 -  8) =    -31.19808  eV     1   --> A              
     e(  9 -  9) =    -18.92472  eV     1   --> A              
     e( 10 - 10) =    -18.92262  eV     1   --> A              
     e( 11 - 11) =     -7.81476  eV     1   --> A              
     e( 12 - 12) =     -6.83636  eV     1   --> A              
     e( 13 - 13) =     -6.81031  eV     1   --> A              
     e( 14 - 14) =     -4.17545  eV     1   --> A              
     e( 15 - 15) =     -4.08653  eV     1   --> A              
     e( 16 - 16) =     -3.37481  eV     1   --> A              
     e( 17 - 17) =     -3.21649  eV     1   --> A              
     e( 18 - 18) =     -1.91306  eV     1   --> A              
     e( 19 - 19) =     -1.45218  eV     1   --> A              
     e( 20 - 20) =     -0.81175  eV     1   --> A              
     e( 21 - 21) =      2.50968  eV     1   --> A              
     e( 22 - 22) =      3.75113  eV     1   --> A              
     e( 23 - 23) =      4.08260  eV     1   --> A              
     e( 24 - 24) =      4.32404  eV     1   --> A              
     e( 25 - 25) =      4.71245  eV     1   --> A              

 **************************************************************************

 **************************************************************************

                    xk=(   0.26667,   0.57735,   0.00000  )

     Band symmetry, C_1 (1)     point group:

     e(  1 -  1) =    -54.97328  eV     1   --> A              
     e(  2 -  2) =    -54.96574  eV     1   --> A              
     e(  3 -  3) =    -31.50131  eV     1   --> A              
     e(  4 -  4) =    -31.46933  eV     1   --> A              
     e(  5 -  5) =    -31.40890  eV     1   --> A              
     e(  6 -  6) =    -31.29554  eV     1   --> A              
     e(  7 -  7) =    -31.22708  eV     1   --> A              
     e(  8 -  8) =    -31.20327  eV     1   --> A              
     e(  9 -  9) =    -18.91882  eV     1   --> A              
     e( 10 - 10) =    -18.91714  eV     1   --> A              
     e( 11 - 11) =     -7.78514  eV     1   --> A              
     e( 12 - 12) =     -6.82621  eV     1   --> A              
     e( 13 - 13) =     -6.81501  eV     1   --> A              
     e( 14 - 14) =     -4.06570  eV     1   --> A              
     e( 15 - 15) =     -4.03460  eV     1   --> A              
     e( 16 - 16) =     -3.48041  eV     1   --> A              
     e( 17 - 17) =     -3.34889  eV     1   --> A              
     e( 18 - 18) =     -1.86825  eV     1   --> A              
     e( 19 - 19) =     -1.57644  eV     1   --> A              
     e( 20 - 20) =     -0.81049  eV     1   --> A              
     e( 21 - 21) =      2.82534  eV     1   --> A              
     e( 22 - 22) =      3.62907  eV     1   --> A              
     e( 23 - 23) =      3.94160  eV     1   --> A              
     e( 24 - 24) =      4.35507  eV     1   --> A              
     e( 25 - 25) =      4.63949  eV     1   --> A              

 **************************************************************************

 **************************************************************************

                    xk=(   0.30000,   0.57735,   0.00000  )

     Band symmetry, C_1 (1)     point group:

     e(  1 -  1) =    -54.97093  eV     1   --> A              
     e(  2 -  2) =    -54.96700  eV     1   --> A              
     e(  3 -  3) =    -31.48034  eV     1   --> A              
     e(  4 -  4) =    -31.46379  eV     1   --> A              
     e(  5 -  5) =    -31.43410  eV     1   --> A              
     e(  6 -  6) =    -31.30229  eV     1   --> A              
     e(  7 -  7) =    -31.22407  eV     1   --> A              
     e(  8 -  8) =    -31.20974  eV     1   --> A              
     e(  9 -  9) =    -18.91478  eV     1   --> A              
     e( 10 - 10) =    -18.91338  eV     1   --> A              
     e( 11 - 11) =     -7.76582  eV     1   --> A              
     e( 12 - 12) =     -6.81947  eV     1   --> A              
     e( 13 - 13) =     -6.81650  eV     1   --> A              
     e( 14 - 14) =     -3.98623  eV     1   --> A              
     e( 15 - 15) =     -3.97940  eV     1   --> A              
     e( 16 - 16) =     -3.54746  eV     1   --> A              
     e( 17 - 17) =     -3.47034  eV     1   --> A              
     e( 18 - 18) =     -1.81546  eV     1   --> A              
     e( 19 - 19) =     -1.67531  eV     1   --> A              
     e( 20 - 20) =     -0.80910  eV     1   --> A              
     e( 21 - 21) =      3.11815  eV     1   --> A              
     e( 22 - 22) =      3.53325  eV     1   --> A              
     e( 23 - 23) =      3.77020  eV     1   --> A              
     e( 24 - 24) =      4.41623  eV     1   --> A              
     e( 25 - 25) =      4.56332  eV     1   --> A              

 **************************************************************************

 **************************************************************************

                    xk=(   0.33333,   0.57735,   0.00000  )

     Band symmetry, C_1 (1)     point group:

     e(  1 -  1) =    -54.96886  eV     1   --> A              
     e(  2 -  2) =    -54.96863  eV     1   --> A              
     e(  3 -  3) =    -31.46258  eV     1   --> A              
     e(  4 -  4) =    -31.46238  eV     1   --> A              
     e(  5 -  5) =    -31.45281  eV     1   --> A              
     e(  6 -  6) =    -31.30526  eV     1   --> A              
     e(  7 -  7) =    -31.21770  eV     1   --> A              
     e(  8 -  8) =    -31.21676  eV     1   --> A              
     e(  9 -  9) =    -18.91328  eV     1   --> A              
     e( 10 - 10) =    -18.91197  eV     1   --> A              
     e( 11 - 11) =     -7.75896  eV     1   --> A              
     e( 12 - 12) =     -6.81691  eV     1   --> A              
     e( 13 - 13) =     -6.81579  eV     1   --> A              
     e( 14 - 14) =     -3.96302  eV     1   --> A              
     e( 15 - 15) =     -3.94667  eV     1   --> A              
     e( 16 - 16) =     -3.54700  eV     1   --> A              
     e( 17 - 17) =     -3.54531  eV     1   --> A              
     e( 18 - 18) =     -1.75396  eV     1   --> A              
     e( 19 - 19) =     -1.75103  eV     1   --> A              
     e( 20 - 20) =     -0.80788  eV     1   --> A              
     e( 21 - 21) =      3.25718  eV     1   --> A              
     e( 22 - 22) =      3.58662  eV     1   --> A              
     e( 23 - 23) =      3.58892  eV     1   --> A              
     e( 24 - 24) =      4.48989  eV     1   --> A              
     e( 25 - 25) =      4.49076  eV     1   --> A              

 **************************************************************************

 **************************************************************************

                    xk=(   0.31667,   0.54848,   0.00000  )

     Band symmetry, C_1 (1)     point group:

     e(  1 -  1) =    -54.97101  eV     1   --> A              
     e(  2 -  2) =    -54.96697  eV     1   --> A              
     e(  3 -  3) =    -31.47775  eV     1   --> A              
     e(  4 -  4) =    -31.46528  eV     1   --> A              
     e(  5 -  5) =    -31.43486  eV     1   --> A              
     e(  6 -  6) =    -31.30192  eV     1   --> A              
     e(  7 -  7) =    -31.22494  eV     1   --> A              
     e(  8 -  8) =    -31.20921  eV     1   --> A              
     e(  9 -  9) =    -18.91496  eV     1   --> A              
     e( 10 - 10) =    -18.91357  eV     1   --> A              
     e( 11 - 11) =     -7.76614  eV     1   --> A              
     e( 12 - 12) =     -6.81938  eV     1   --> A              
     e( 13 - 13) =     -6.81765  eV     1   --> A              
     e( 14 - 14) =     -3.98833  eV     1   --> A              
     e( 15 - 15) =     -3.96903  eV     1   --> A              
     e( 16 - 16) =     -3.54210  eV     1   --> A              
     e( 17 - 17) =     -3.48006  eV     1   --> A              
     e( 18 - 18) =     -1.81572  eV     1   --> A              
     e( 19 - 19) =     -1.67642  eV     1   --> A              
     e( 20 - 20) =     -0.80948  eV     1   --> A              
     e( 21 - 21) =      3.19443  eV     1   --> A              
     e( 22 - 22) =      3.39772  eV     1   --> A              
     e( 23 - 23) =      3.82756  eV     1   --> A              
     e( 24 - 24) =      4.41696  eV     1   --> A              
     e( 25 - 25) =      4.55685  eV     1   --> A              

 **************************************************************************

 **************************************************************************

                    xk=(   0.30000,   0.51961,   0.00000  )

     Band symmetry, C_1 (1)     point group:

     e(  1 -  1) =    -54.97393  eV     1   --> A              
     e(  2 -  2) =    -54.96551  eV     1   --> A              
     e(  3 -  3) =    -31.49268  eV     1   --> A              
     e(  4 -  4) =    -31.47023  eV     1   --> A              
     e(  5 -  5) =    -31.41354  eV     1   --> A              
     e(  6 -  6) =    -31.29274  eV     1   --> A              
     e(  7 -  7) =    -31.23306  eV     1   --> A              
     e(  8 -  8) =    -31.20022  eV     1   --> A              
     e(  9 -  9) =    -18.92017  eV     1   --> A              
     e( 10 - 10) =    -18.91861  eV     1   --> A              
     e( 11 - 11) =     -7.78824  eV     1   --> A              
     e( 12 - 12) =     -6.82765  eV     1   --> A              
     e( 13 - 13) =     -6.82335  eV     1   --> A              
     e( 14 - 14) =     -4.03900  eV     1   --> A              
     e( 15 - 15) =     -4.00827  eV     1   --> A              
     e( 16 - 16) =     -3.47036  eV     1   --> A              
     e( 17 - 17) =     -3.38429  eV     1   --> A              
     e( 18 - 18) =     -1.86353  eV     1   --> A              
     e( 19 - 19) =     -1.58902  eV     1   --> A              
     e( 20 - 20) =     -0.81322  eV     1   --> A              
     e( 21 - 21) =      3.09646  eV     1   --> A              
     e( 22 - 22) =      3.20866  eV     1   --> A              
     e( 23 - 23) =      4.07772  eV     1   --> A              
     e( 24 - 24) =      4.34594  eV     1   --> A              
     e( 25 - 25) =      4.60455  eV     1   --> A              

 **************************************************************************

 **************************************************************************

                    xk=(   0.28333,   0.49075,   0.00000  )

     Band symmetry, C_1 (1)     point group:

     e(  1 -  1) =    -54.97747  eV     1   --> A              
     e(  2 -  2) =    -54.96453  eV     1   --> A              
     e(  3 -  3) =    -31.50308  eV     1   --> A              
     e(  4 -  4) =    -31.47479  eV     1   --> A              
     e(  5 -  5) =    -31.39359  eV     1   --> A              
     e(  6 -  6) =    -31.27939  eV     1   --> A              
     e(  7 -  7) =    -31.24031  eV     1   --> A              
     e(  8 -  8) =    -31.19124  eV     1   --> A              
     e(  9 -  9) =    -18.92923  eV     1   --> A              
     e( 10 - 10) =    -18.92750  eV     1   --> A              
     e( 11 - 11) =     -7.82677  eV     1   --> A              
     e( 12 - 12) =     -6.84304  eV     1   --> A              
     e( 13 - 13) =     -6.83359  eV     1   --> A              
     e( 14 - 14) =     -4.07734  eV     1   --> A              
     e( 15 - 15) =     -4.04112  eV     1   --> A              
     e( 16 - 16) =     -3.36269  eV     1   --> A              
     e( 17 - 17) =     -3.28212  eV     1   --> A              
     e( 18 - 18) =     -1.89797  eV     1   --> A              
     e( 19 - 19) =     -1.49127  eV     1   --> A              
     e( 20 - 20) =     -0.81961  eV     1   --> A              
     e( 21 - 21) =      2.99844  eV     1   --> A              
     e( 22 - 22) =      3.02505  eV     1   --> A              
     e( 23 - 23) =      4.26734  eV     1   --> A              
     e( 24 - 24) =      4.29852  eV     1   --> A              
     e( 25 - 25) =      4.62693  eV     1   --> A              

 **************************************************************************

 **************************************************************************

                    xk=(   0.26667,   0.46188,   0.00000  )

     Band symmetry, C_1 (1)     point group:

     e(  1 -  1) =    -54.98168  eV     1   --> A              
     e(  2 -  2) =    -54.96410  eV     1   --> A              
     e(  3 -  3) =    -31.50866  eV     1   --> A              
     e(  4 -  4) =    -31.47688  eV     1   --> A              
     e(  5 -  5) =    -31.37641  eV     1   --> A              
     e(  6 -  6) =    -31.26358  eV     1   --> A              
     e(  7 -  7) =    -31.24534  eV     1   --> A              
     e(  8 -  8) =    -31.18265  eV     1   --> A              
     e(  9 -  9) =    -18.94229  eV     1   --> A              
     e( 10 - 10) =    -18.94050  eV     1   --> A              
     e( 11 - 11) =     -7.88359  eV     1   --> A              
     e( 12 - 12) =     -6.86439  eV     1   --> A              
     e( 13 - 13) =     -6.84867  eV     1   --> A              
     e( 14 - 14) =     -4.08520  eV     1   --> A              
     e( 15 - 15) =     -4.05940  eV     1   --> A              
     e( 16 - 16) =     -3.23806  eV     1   --> A              
     e( 17 - 17) =     -3.18274  eV     1   --> A              
     e( 18 - 18) =     -1.91889  eV     1   --> A              
     e( 19 - 19) =     -1.38565  eV     1   --> A              
     e( 20 - 20) =     -0.82980  eV     1   --> A              
     e( 21 - 21) =      2.84780  eV     1   --> A              
     e( 22 - 22) =      2.90606  eV     1   --> A              
     e( 23 - 23) =      4.20491  eV     1   --> A              
     e( 24 - 24) =      4.44407  eV     1   --> A              
     e( 25 - 25) =      4.63484  eV     1   --> A              

 **************************************************************************

 **************************************************************************

                    xk=(   0.25000,   0.43301,   0.00000  )

     Band symmetry, C_1 (1)     point group:

     e(  1 -  1) =    -54.98649  eV     1   --> A              
     e(  2 -  2) =    -54.96422  eV     1   --> A              
     e(  3 -  3) =    -31.50963  eV     1   --> A              
     e(  4 -  4) =    -31.47506  eV     1   --> A              
     e(  5 -  5) =    -31.36332  eV     1   --> A              
     e(  6 -  6) =    -31.24667  eV     1   --> A              
     e(  7 -  7) =    -31.24628  eV     1   --> A              
     e(  8 -  8) =    -31.17460  eV     1   --> A              
     e(  9 -  9) =    -18.95939  eV     1   --> A              
     e( 10 - 10) =    -18.95766  eV     1   --> A              
     e( 11 - 11) =     -7.96029  eV     1   --> A              
     e( 12 - 12) =     -6.88716  eV     1   --> A              
     e( 13 - 13) =     -6.86839  eV     1   --> A              
     e( 14 - 14) =     -4.05958  eV     1   --> A              
     e( 15 - 15) =     -4.05476  eV     1   --> A              
     e( 16 - 16) =     -3.10606  eV     1   --> A              
     e( 17 - 17) =     -3.08787  eV     1   --> A              
     e( 18 - 18) =     -1.92300  eV     1   --> A              
     e( 19 - 19) =     -1.27600  eV     1   --> A              
     e( 20 - 20) =     -0.84057  eV     1   --> A              
     e( 21 - 21) =      2.68495  eV     1   --> A              
     e( 22 - 22) =      2.82397  eV     1   --> A              
     e( 23 - 23) =      4.13781  eV     1   --> A              
     e( 24 - 24) =      4.52857  eV     1   --> A              
     e( 25 - 25) =      4.63691  eV     1   --> A              

 **************************************************************************

 **************************************************************************

                    xk=(   0.23333,   0.40414,   0.00000  )

     Band symmetry, C_1 (1)     point group:

     e(  1 -  1) =    -54.99187  eV     1   --> A              
     e(  2 -  2) =    -54.96490  eV     1   --> A              
     e(  3 -  3) =    -31.50679  eV     1   --> A              
     e(  4 -  4) =    -31.46852  eV     1   --> A              
     e(  5 -  5) =    -31.35480  eV     1   --> A              
     e(  6 -  6) =    -31.24214  eV     1   --> A              
     e(  7 -  7) =    -31.22932  eV     1   --> A              
     e(  8 -  8) =    -31.16714  eV     1   --> A              
     e(  9 -  9) =    -18.98033  eV     1   --> A              
     e( 10 - 10) =    -18.97882  eV     1   --> A              
     e( 11 - 11) =     -8.05738  eV     1   --> A              
     e( 12 - 12) =     -6.90609  eV     1   --> A              
     e( 13 - 13) =     -6.89306  eV     1   --> A              
     e( 14 - 14) =     -4.03768  eV     1   --> A              
     e( 15 - 15) =     -3.98757  eV     1   --> A              
     e( 16 - 16) =     -3.00003  eV     1   --> A              
     e( 17 - 17) =     -2.97450  eV     1   --> A              
     e( 18 - 18) =     -1.90654  eV     1   --> A              
     e( 19 - 19) =     -1.16879  eV     1   --> A              
     e( 20 - 20) =     -0.84905  eV     1   --> A              
     e( 21 - 21) =      2.53942  eV     1   --> A              
     e( 22 - 22) =      2.75071  eV     1   --> A              
     e( 23 - 23) =      4.06811  eV     1   --> A              
     e( 24 - 24) =      4.54872  eV     1   --> A              
     e( 25 - 25) =      4.63762  eV     1   --> A              

 **************************************************************************

 **************************************************************************

                    xk=(   0.21667,   0.37528,   0.00000  )

     Band symmetry, C_1 (1)     point group:

     e(  1 -  1) =    -54.99777  eV     1   --> A              
     e(  2 -  2) =    -54.96615  eV     1   --> A              
     e(  3 -  3) =    -31.50181  eV     1   --> A              
     e(  4 -  4) =    -31.45703  eV     1   --> A              
     e(  5 -  5) =    -31.34921  eV     1   --> A              
     e(  6 -  6) =    -31.23293  eV     1   --> A              
     e(  7 -  7) =    -31.21267  eV     1   --> A              
     e(  8 -  8) =    -31.16017  eV     1   --> A              
     e(  9 -  9) =    -19.00493  eV     1   --> A              
     e( 10 - 10) =    -19.00367  eV     1   --> A              
     e( 11 - 11) =     -8.17390  eV     1   --> A              
     e( 12 - 12) =     -6.92405  eV     1   --> A              
     e( 13 - 13) =     -6.91730  eV     1   --> A              
     e( 14 - 14) =     -3.99564  eV     1   --> A              
     e( 15 - 15) =     -3.88707  eV     1   --> A              
     e( 16 - 16) =     -2.91943  eV     1   --> A              
     e( 17 - 17) =     -2.85302  eV     1   --> A              
     e( 18 - 18) =     -1.86415  eV     1   --> A              
     e( 19 - 19) =     -1.07887  eV     1   --> A              
     e( 20 - 20) =     -0.84405  eV     1   --> A              
     e( 21 - 21) =      2.41517  eV     1   --> A              
     e( 22 - 22) =      2.68563  eV     1   --> A              
     e( 23 - 23) =      3.98687  eV     1   --> A              
     e( 24 - 24) =      4.49976  eV     1   --> A              
     e( 25 - 25) =      4.62953  eV     1   --> A              

 **************************************************************************

 **************************************************************************

                    xk=(   0.20000,   0.34641,   0.00000  )

     Band symmetry, C_1 (1)     point group:

     e(  1 -  1) =    -55.00409  eV     1   --> A              
     e(  2 -  2) =    -54.96792  eV     1   --> A              
     e(  3 -  3) =    -31.49708  eV     1   --> A              
     e(  4 -  4) =    -31.44072  eV     1   --> A              
     e(  5 -  5) =    -31.34288  eV     1   --> A              
     e(  6 -  6) =    -31.22038  eV     1   --> A              
     e(  7 -  7) =    -31.19744  eV     1   --> A              
     e(  8 -  8) =    -31.15330  eV     1   --> A              
     e(  9 -  9) =    -19.03303  eV     1   --> A              
     e( 10 - 10) =    -19.03151  eV     1   --> A              
     e( 11 - 11) =     -8.30675  eV     1   --> A              
     e( 12 - 12) =     -6.96112  eV     1   --> A              
     e( 13 - 13) =     -6.91776  eV     1   --> A              
     e( 14 - 14) =     -3.93279  eV     1   --> A              
     e( 15 - 15) =     -3.75911  eV     1   --> A              
     e( 16 - 16) =     -2.84662  eV     1   --> A              
     e( 17 - 17) =     -2.75042  eV     1   --> A              
     e( 18 - 18) =     -1.79001  eV     1   --> A              
     e( 19 - 19) =     -1.03172  eV     1   --> A              
     e( 20 - 20) =     -0.79940  eV     1   --> A              
     e( 21 - 21) =      2.31529  eV     1   --> A              
     e( 22 - 22) =      2.63006  eV     1   --> A              
     e( 23 - 23) =      3.88295  eV     1   --> A              
     e( 24 - 24) =      4.39353  eV     1   --> A              
     e( 25 - 25) =      4.53397  eV     1   --> A              

 **************************************************************************

 **************************************************************************

                    xk=(   0.18333,   0.31754,   0.00000  )

     Band symmetry, C_1 (1)     point group:

     e(  1 -  1) =    -55.01070  eV     1   --> A              
     e(  2 -  2) =    -54.97014  eV     1   --> A              
     e(  3 -  3) =    -31.49519  eV     1   --> A              
     e(  4 -  4) =    -31.42002  eV     1   --> A              
     e(  5 -  5) =    -31.33195  eV     1   --> A              
     e(  6 -  6) =    -31.20629  eV     1   --> A              
     e(  7 -  7) =    -31.18449  eV     1   --> A              
     e(  8 -  8) =    -31.14592  eV     1   --> A              
     e(  9 -  9) =    -19.06414  eV     1   --> A              
     e( 10 - 10) =    -19.06151  eV     1   --> A              
     e( 11 - 11) =     -8.45124  eV     1   --> A              
     e( 12 - 12) =     -7.00335  eV     1   --> A              
     e( 13 - 13) =     -6.90572  eV     1   --> A              
     e( 14 - 14) =     -3.85018  eV     1   --> A              
     e( 15 - 15) =     -3.61039  eV     1   --> A              
     e( 16 - 16) =     -2.78340  eV     1   --> A              
     e( 17 - 17) =     -2.67189  eV     1   --> A              
     e( 18 - 18) =     -1.68056  eV     1   --> A              
     e( 19 - 19) =     -1.03232  eV     1   --> A              
     e( 20 - 20) =     -0.71071  eV     1   --> A              
     e( 21 - 21) =      2.24192  eV     1   --> A              
     e( 22 - 22) =      2.58251  eV     1   --> A              
     e( 23 - 23) =      3.73907  eV     1   --> A              
     e( 24 - 24) =      4.21024  eV     1   --> A              
     e( 25 - 25) =      4.26312  eV     1   --> A              

 **************************************************************************

 **************************************************************************

                    xk=(   0.16667,   0.28867,   0.00000  )

     Band symmetry, C_1 (1)     point group:

     e(  1 -  1) =    -55.01746  eV     1   --> A              
     e(  2 -  2) =    -54.97271  eV     1   --> A              
     e(  3 -  3) =    -31.49766  eV     1   --> A              
     e(  4 -  4) =    -31.39568  eV     1   --> A              
     e(  5 -  5) =    -31.31435  eV     1   --> A              
     e(  6 -  6) =    -31.19186  eV     1   --> A              
     e(  7 -  7) =    -31.17459  eV     1   --> A              
     e(  8 -  8) =    -31.13741  eV     1   --> A              
     e(  9 -  9) =    -19.09742  eV     1   --> A              
     e( 10 - 10) =    -19.09309  eV     1   --> A              
     e( 11 - 11) =     -8.60226  eV     1   --> A              
     e( 12 - 12) =     -7.05193  eV     1   --> A              
     e( 13 - 13) =     -6.88140  eV     1   --> A              
     e( 14 - 14) =     -3.74814  eV     1   --> A              
     e( 15 - 15) =     -3.45029  eV     1   --> A              
     e( 16 - 16) =     -2.73049  eV     1   --> A              
     e( 17 - 17) =     -2.61457  eV     1   --> A              
     e( 18 - 18) =     -1.53685  eV     1   --> A              
     e( 19 - 19) =     -1.05780  eV     1   --> A              
     e( 20 - 20) =     -0.59992  eV     1   --> A              
     e( 21 - 21) =      2.19967  eV     1   --> A              
     e( 22 - 22) =      2.54391  eV     1   --> A              
     e( 23 - 23) =      3.55514  eV     1   --> A              
     e( 24 - 24) =      3.88776  eV     1   --> A              
     e( 25 - 25) =      4.13670  eV     1   --> A              

 **************************************************************************

 **************************************************************************

                    xk=(   0.15000,   0.25981,   0.00000  )

     Band symmetry, C_1 (1)     point group:

     e(  1 -  1) =    -55.02422  eV     1   --> A              
     e(  2 -  2) =    -54.97552  eV     1   --> A              
     e(  3 -  3) =    -31.50426  eV     1   --> A              
     e(  4 -  4) =    -31.36863  eV     1   --> A              
     e(  5 -  5) =    -31.29036  eV     1   --> A              
     e(  6 -  6) =    -31.17787  eV     1   --> A              
     e(  7 -  7) =    -31.16768  eV     1   --> A              
     e(  8 -  8) =    -31.12778  eV     1   --> A              
     e(  9 -  9) =    -19.13194  eV     1   --> A              
     e( 10 - 10) =    -19.12546  eV     1   --> A              
     e( 11 - 11) =     -8.75474  eV     1   --> A              
     e( 12 - 12) =     -7.10529  eV     1   --> A              
     e( 13 - 13) =     -6.84607  eV     1   --> A              
     e( 14 - 14) =     -3.62809  eV     1   --> A              
     e( 15 - 15) =     -3.28738  eV     1   --> A              
     e( 16 - 16) =     -2.68914  eV     1   --> A              
     e( 17 - 17) =     -2.57365  eV     1   --> A              
     e( 18 - 18) =     -1.36391  eV     1   --> A              
     e( 19 - 19) =     -1.09579  eV     1   --> A              
     e( 20 - 20) =     -0.47910  eV     1   --> A              
     e( 21 - 21) =      2.18824  eV     1   --> A              
     e( 22 - 22) =      2.51420  eV     1   --> A              
     e( 23 - 23) =      3.35098  eV     1   --> A              
     e( 24 - 24) =      3.59238  eV     1   --> A              
     e( 25 - 25) =      4.00937  eV     1   --> A              

 **************************************************************************

 **************************************************************************

                    xk=(   0.13333,   0.23094,   0.00000  )

     Band symmetry, C_1 (1)     point group:

     e(  1 -  1) =    -55.03087  eV     1   --> A              
     e(  2 -  2) =    -54.97852  eV     1   --> A              
     e(  3 -  3) =    -31.51375  eV     1   --> A              
     e(  4 -  4) =    -31.34018  eV     1   --> A              
     e(  5 -  5) =    -31.26192  eV     1   --> A              
     e(  6 -  6) =    -31.16476  eV     1   --> A              
     e(  7 -  7) =    -31.16298  eV     1   --> A              
     e(  8 -  8) =    -31.11778  eV     1   --> A              
     e(  9 -  9) =    -19.16680  eV     1   --> A              
     e( 10 - 10) =    -19.15786  eV     1   --> A              
     e( 11 - 11) =     -8.90402  eV     1   --> A              
     e( 12 - 12) =     -7.16301  eV     1   --> A              
     e( 13 - 13) =     -6.80259  eV     1   --> A              
     e( 14 - 14) =     -3.49294  eV     1   --> A              
     e( 15 - 15) =     -3.13421  eV     1   --> A              
     e( 16 - 16) =     -2.66076  eV     1   --> A              
     e( 17 - 17) =     -2.54337  eV     1   --> A              
     e( 18 - 18) =     -1.16806  eV     1   --> A              
     e( 19 - 19) =     -1.14436  eV     1   --> A              
     e( 20 - 20) =     -0.35335  eV     1   --> A              
     e( 21 - 21) =      2.20290  eV     1   --> A              
     e( 22 - 22) =      2.48833  eV     1   --> A              
     e( 23 - 23) =      3.14793  eV     1   --> A              
     e( 24 - 24) =      3.32737  eV     1   --> A              
     e( 25 - 25) =      3.85376  eV     1   --> A              

 **************************************************************************

 **************************************************************************

                    xk=(   0.11667,   0.20207,   0.00000  )

     Band symmetry, C_1 (1)     point group:

     e(  1 -  1) =    -55.03721  eV     1   --> A              
     e(  2 -  2) =    -54.98156  eV     1   --> A              
     e(  3 -  3) =    -31.52470  eV     1   --> A              
     e(  4 -  4) =    -31.31162  eV     1   --> A              
     e(  5 -  5) =    -31.23128  eV     1   --> A              
     e(  6 -  6) =    -31.15940  eV     1   --> A              
     e(  7 -  7) =    -31.15265  eV     1   --> A              
     e(  8 -  8) =    -31.10823  eV     1   --> A              
     e(  9 -  9) =    -19.20096  eV     1   --> A              
     e( 10 - 10) =    -19.18930  eV     1   --> A              
     e( 11 - 11) =     -9.04582  eV     1   --> A              
     e( 12 - 12) =     -7.22288  eV     1   --> A              
     e( 13 - 13) =     -6.75283  eV     1   --> A              
     e( 14 - 14) =     -3.34367  eV     1   --> A              
     e( 15 - 15) =     -2.99971  eV     1   --> A              
     e( 16 - 16) =     -2.64486  eV     1   --> A              
     e( 17 - 17) =     -2.51631  eV     1   --> A              
     e( 18 - 18) =     -1.20231  eV     1   --> A              
     e( 19 - 19) =     -0.95284  eV     1   --> A              
     e( 20 - 20) =     -0.22401  eV     1   --> A              
     e( 21 - 21) =      2.24021  eV     1   --> A              
     e( 22 - 22) =      2.46532  eV     1   --> A              
     e( 23 - 23) =      2.96395  eV     1   --> A              
     e( 24 - 24) =      3.09554  eV     1   --> A              
     e( 25 - 25) =      3.67205  eV     1   --> A              

 **************************************************************************

 **************************************************************************

                    xk=(   0.10000,   0.17320,   0.00000  )

     Band symmetry, C_1 (1)     point group:

     e(  1 -  1) =    -55.04307  eV     1   --> A              
     e(  2 -  2) =    -54.98448  eV     1   --> A              
     e(  3 -  3) =    -31.53591  eV     1   --> A              
     e(  4 -  4) =    -31.28447  eV     1   --> A              
     e(  5 -  5) =    -31.20076  eV     1   --> A              
     e(  6 -  6) =    -31.15594  eV     1   --> A              
     e(  7 -  7) =    -31.14141  eV     1   --> A              
     e(  8 -  8) =    -31.09967  eV     1   --> A              
     e(  9 -  9) =    -19.23329  eV     1   --> A              
     e( 10 - 10) =    -19.21882  eV     1   --> A              
     e( 11 - 11) =     -9.17625  eV     1   --> A              
     e( 12 - 12) =     -7.28210  eV     1   --> A              
     e( 13 - 13) =     -6.69937  eV     1   --> A              
     e( 14 - 14) =     -3.18299  eV     1   --> A              
     e( 15 - 15) =     -2.89099  eV     1   --> A              
     e( 16 - 16) =     -2.63877  eV     1   --> A              
     e( 17 - 17) =     -2.48722  eV     1   --> A              
     e( 18 - 18) =     -1.26923  eV     1   --> A              
     e( 19 - 19) =     -0.72179  eV     1   --> A              
     e( 20 - 20) =     -0.09454  eV     1   --> A              
     e( 21 - 21) =      2.29531  eV     1   --> A              
     e( 22 - 22) =      2.43730  eV     1   --> A              
     e( 23 - 23) =      2.81352  eV     1   --> A              
     e( 24 - 24) =      2.89906  eV     1   --> A              
     e( 25 - 25) =      3.47785  eV     1   --> A              

 **************************************************************************

 **************************************************************************

                    xk=(   0.08333,   0.14434,   0.00000  )

     Band symmetry, C_1 (1)     point group:

     e(  1 -  1) =    -55.04832  eV     1   --> A              
     e(  2 -  2) =    -54.98720  eV     1   --> A              
     e(  3 -  3) =    -31.54655  eV     1   --> A              
     e(  4 -  4) =    -31.26042  eV     1   --> A              
     e(  5 -  5) =    -31.17293  eV     1   --> A              
     e(  6 -  6) =    -31.15176  eV     1   --> A              
     e(  7 -  7) =    -31.13049  eV     1   --> A              
     e(  8 -  8) =    -31.09248  eV     1   --> A              
     e(  9 -  9) =    -19.26283  eV     1   --> A              
     e( 10 - 10) =    -19.24559  eV     1   --> A              
     e( 11 - 11) =     -9.29221  eV     1   --> A              
     e( 12 - 12) =     -7.33826  eV     1   --> A              
     e( 13 - 13) =     -6.64585  eV     1   --> A              
     e( 14 - 14) =     -3.01693  eV     1   --> A              
     e( 15 - 15) =     -2.81290  eV     1   --> A              
     e( 16 - 16) =     -2.64083  eV     1   --> A              
     e( 17 - 17) =     -2.45674  eV     1   --> A              
     e( 18 - 18) =     -1.34496  eV     1   --> A              
     e( 19 - 19) =     -0.48223  eV     1   --> A              
     e( 20 - 20) =      0.02890  eV     1   --> A              
     e( 21 - 21) =      2.35634  eV     1   --> A              
     e( 22 - 22) =      2.39322  eV     1   --> A              
     e( 23 - 23) =      2.71005  eV     1   --> A              
     e( 24 - 24) =      2.73955  eV     1   --> A              
     e( 25 - 25) =      3.28073  eV     1   --> A              

 **************************************************************************

 **************************************************************************

                    xk=(   0.06667,   0.11547,   0.00000  )

     Band symmetry, C_1 (1)     point group:

     e(  1 -  1) =    -55.05285  eV     1   --> A              
     e(  2 -  2) =    -54.98960  eV     1   --> A              
     e(  3 -  3) =    -31.55601  eV     1   --> A              
     e(  4 -  4) =    -31.24095  eV     1   --> A              
     e(  5 -  5) =    -31.15087  eV     1   --> A              
     e(  6 -  6) =    -31.14624  eV     1   --> A              
     e(  7 -  7) =    -31.11846  eV     1   --> A              
     e(  8 -  8) =    -31.08685  eV     1   --> A              
     e(  9 -  9) =    -19.28857  eV     1   --> A              
     e( 10 - 10) =    -19.26877  eV     1   --> A              
     e( 11 - 11) =     -9.39092  eV     1   --> A              
     e( 12 - 12) =     -7.38910  eV     1   --> A              
     e( 13 - 13) =     -6.59576  eV     1   --> A              
     e( 14 - 14) =     -2.85065  eV     1   --> A              
     e( 15 - 15) =     -2.75958  eV     1   --> A              
     e( 16 - 16) =     -2.64647  eV     1   --> A              
     e( 17 - 17) =     -2.42857  eV     1   --> A              
     e( 18 - 18) =     -1.42945  eV     1   --> A              
     e( 19 - 19) =     -0.24212  eV     1   --> A              
     e( 20 - 20) =      0.13972  eV     1   --> A              
     e( 21 - 21) =      2.32557  eV     1   --> A              
     e( 22 - 22) =      2.41159  eV     1   --> A              
     e( 23 - 23) =      2.62126  eV     1   --> A              
     e( 24 - 24) =      2.65599  eV     1   --> A              
     e( 25 - 25) =      3.09074  eV     1   --> A              

 **************************************************************************

 **************************************************************************

                    xk=(   0.05000,   0.08660,   0.00000  )

     Band symmetry, C_1 (1)     point group:

     e(  1 -  1) =    -55.05647  eV     1   --> A              
     e(  2 -  2) =    -54.99156  eV     1   --> A              
     e(  3 -  3) =    -31.56379  eV     1   --> A              
     e(  4 -  4) =    -31.22689  eV     1   --> A              
     e(  5 -  5) =    -31.13940  eV     1   --> A              
     e(  6 -  6) =    -31.13685  eV     1   --> A              
     e(  7 -  7) =    -31.10439  eV     1   --> A              
     e(  8 -  8) =    -31.08281  eV     1   --> A              
     e(  9 -  9) =    -19.30957  eV     1   --> A              
     e( 10 - 10) =    -19.28761  eV     1   --> A              
     e( 11 - 11) =     -9.47001  eV     1   --> A              
     e( 12 - 12) =     -7.43146  eV     1   --> A              
     e( 13 - 13) =     -6.55229  eV     1   --> A              
     e( 14 - 14) =     -2.72470  eV     1   --> A              
     e( 15 - 15) =     -2.70625  eV     1   --> A              
     e( 16 - 16) =     -2.63684  eV     1   --> A              
     e( 17 - 17) =     -2.40592  eV     1   --> A              
     e( 18 - 18) =     -1.51880  eV     1   --> A              
     e( 19 - 19) =     -0.01550  eV     1   --> A              
     e( 20 - 20) =      0.23254  eV     1   --> A              
     e( 21 - 21) =      2.25430  eV     1   --> A              
     e( 22 - 22) =      2.43330  eV     1   --> A              
     e( 23 - 23) =      2.56602  eV     1   --> A              
     e( 24 - 24) =      2.63605  eV     1   --> A              
     e( 25 - 25) =      2.91830  eV     1   --> A              

 **************************************************************************

 **************************************************************************

                    xk=(   0.03333,   0.05773,   0.00000  )

     Band symmetry, C_1 (1)     point group:

     e(  1 -  1) =    -55.05913  eV     1   --> A              
     e(  2 -  2) =    -54.99302  eV     1   --> A              
     e(  3 -  3) =    -31.56957  eV     1   --> A              
     e(  4 -  4) =    -31.21804  eV     1   --> A              
     e(  5 -  5) =    -31.13233  eV     1   --> A              
     e(  6 -  6) =    -31.12927  eV     1   --> A              
     e(  7 -  7) =    -31.09107  eV     1   --> A              
     e(  8 -  8) =    -31.08030  eV     1   --> A              
     e(  9 -  9) =    -19.32515  eV     1   --> A              
     e( 10 - 10) =    -19.30149  eV     1   --> A              
     e( 11 - 11) =     -9.52780  eV     1   --> A              
     e( 12 - 12) =     -7.46317  eV     1   --> A              
     e( 13 - 13) =     -6.51879  eV     1   --> A              
     e( 14 - 14) =     -2.70108  eV     1   --> A              
     e( 15 - 15) =     -2.67887  eV     1   --> A              
     e( 16 - 16) =     -2.52868  eV     1   --> A              
     e( 17 - 17) =     -2.39109  eV     1   --> A              
     e( 18 - 18) =     -1.60708  eV     1   --> A              
     e( 19 - 19) =      0.17766  eV     1   --> A              
     e( 20 - 20) =      0.30112  eV     1   --> A              
     e( 21 - 21) =      2.19484  eV     1   --> A              
     e( 22 - 22) =      2.40576  eV     1   --> A              
     e( 23 - 23) =      2.57889  eV     1   --> A              
     e( 24 - 24) =      2.62849  eV     1   --> A              
     e( 25 - 25) =      2.77488  eV     1   --> A              

 **************************************************************************

 **************************************************************************

                    xk=(   0.01667,   0.02887,   0.00000  )

     Band symmetry, C_1 (1)     point group:

     e(  1 -  1) =    -55.06077  eV     1   --> A              
     e(  2 -  2) =    -54.99394  eV     1   --> A              
     e(  3 -  3) =    -31.57316  eV     1   --> A              
     e(  4 -  4) =    -31.21338  eV     1   --> A              
     e(  5 -  5) =    -31.12696  eV     1   --> A              
     e(  6 -  6) =    -31.12548  eV     1   --> A              
     e(  7 -  7) =    -31.08201  eV     1   --> A              
     e(  8 -  8) =    -31.07908  eV     1   --> A              
     e(  9 -  9) =    -19.33476  eV     1   --> A              
     e( 10 - 10) =    -19.31003  eV     1   --> A              
     e( 11 - 11) =     -9.56303  eV     1   --> A              
     e( 12 - 12) =     -7.48335  eV     1   --> A              
     e( 13 - 13) =     -6.49788  eV     1   --> A              
     e( 14 - 14) =     -2.68831  eV     1   --> A              
     e( 15 - 15) =     -2.68217  eV     1   --> A              
     e( 16 - 16) =     -2.42377  eV     1   --> A              
     e( 17 - 17) =     -2.38386  eV     1   --> A              
     e( 18 - 18) =     -1.67924  eV     1   --> A              
     e( 19 - 19) =      0.31031  eV     1   --> A              
     e( 20 - 20) =      0.34269  eV     1   --> A              
     e( 21 - 21) =      2.15643  eV     1   --> A              
     e( 22 - 22) =      2.37765  eV     1   --> A              
     e( 23 - 23) =      2.60207  eV     1   --> A              
     e( 24 - 24) =      2.62148  eV     1   --> A              
     e( 25 - 25) =      2.68052  eV     1   --> A              

 **************************************************************************

 **************************************************************************

                    xk=(   0.00000,   0.00000,   0.00000  )

     Band symmetry, C_1 (1)     point group:

     e(  1 -  1) =    -55.06132  eV     1   --> A              
     e(  2 -  2) =    -54.99426  eV     1   --> A              
     e(  3 -  3) =    -31.57436  eV     1   --> A              
     e(  4 -  4) =    -31.21194  eV     1   --> A              
     e(  5 -  5) =    -31.12496  eV     1   --> A              
     e(  6 -  6) =    -31.12431  eV     1   --> A              
     e(  7 -  7) =    -31.07887  eV     1   --> A              
     e(  8 -  8) =    -31.07871  eV     1   --> A              
     e(  9 -  9) =    -19.33801  eV     1   --> A              
     e( 10 - 10) =    -19.31293  eV     1   --> A              
     e( 11 - 11) =     -9.57483  eV     1   --> A              
     e( 12 - 12) =     -7.49016  eV     1   --> A              
     e( 13 - 13) =     -6.49062  eV     1   --> A              
     e( 14 - 14) =     -2.68451  eV     1   --> A              
     e( 15 - 15) =     -2.68337  eV     1   --> A              
     e( 16 - 16) =     -2.38268  eV     1   --> A              
     e( 17 - 17) =     -2.38120  eV     1   --> A              
     e( 18 - 18) =     -1.70919  eV     1   --> A              
     e( 19 - 19) =      0.35618  eV     1   --> A              
     e( 20 - 20) =      0.35761  eV     1   --> A              
     e( 21 - 21) =      2.14303  eV     1   --> A              
     e( 22 - 22) =      2.36762  eV     1   --> A              
     e( 23 - 23) =      2.61075  eV     1   --> A              
     e( 24 - 24) =      2.61191  eV     1   --> A              
     e( 25 - 25) =      2.65392  eV     1   --> A              

 **************************************************************************

     BANDS        :      6.76s CPU     11.23s WALL


   This run was terminated on:  14:51:13  22Sep2026            

=------------------------------------------------------------------------------=
   JOB DONE.
=------------------------------------------------------------------------------=
